X1,X2,X3,X4,X_noise1,X_noise2,X_noise3,target
0.4967141530112327,1.1333638496810656,-0.6751782749743815,-0.9217041315549835,-0.863493604964934,-0.42375968202270325,-1.1140813582330875,0.532378450240123
-0.13826430117118466,-0.18406523405109243,-0.14451867071551783,-0.28769193872831467,-0.031203488939083975,-0.45341410838385404,-0.63093083373779,-1.5926707261296902
0.6476885381006925,1.3013401131934024,-0.7924199209999613,-0.7166570434842979,0.018016872044446585,-1.795643172630015,-0.9420601835742449,0.7155985972466274
1.5230298564080254,2.981366035045493,-0.3079615296390403,0.13116830775680585,0.47263034584340563,-0.3300901917014373,-0.5479958187411378,3.8363044810201323
-0.23415337472333597,-0.39848441808531293,-1.8936146669537857,-1.4035811086562768,-1.3668583632808264,0.732829081821745,-0.21415031071118876,-4.1359606026453895
-0.23413695694918055,-0.42892537535618613,0.21329370737293857,-0.09646134792162742,0.5925672738473307,-1.2742321190767951,0.8371544863313845,0.11264239007574989
1.5792128155073915,3.247944953017556,0.0012054753622242368,0.0981716381733068,-2.704391631602775,1.0484826510505925,-0.32115903870570245,5.544006927806202
0.7674347291529088,1.5983866384740144,-0.8170886310681906,-0.9631317026422257,-0.6298845523638104,0.4877748210843382,-1.5856257067695927,1.3448537491329464
-0.4694743859349521,-0.8339935003379707,0.6592456684324051,0.7439347455233387,-0.48827384245154465,-0.7342333219710379,1.1400678464951604,0.5833540103651019
0.5425600435859647,1.0315965660158726,0.9375701376265584,0.655831179737671,0.6333268260712385,-0.14152963733784743,-0.8370901336150396,4.22465556559413
-0.46341769281246226,-0.795095979061492,-1.6075598643689741,-1.3047751292430136,0.02263085267686914,1.598321807641033,-0.05872042710462872,-4.4596833147673625
-0.46572975357025687,-0.9116995466712737,-0.7627247785662142,-0.34502049334453344,-1.4055630538562867,0.7335478135058658,0.4465365069407115,-2.906546274324779
0.24196227156603412,0.6914506303945948,-0.7691423497872982,-0.8727465935466887,-0.9849931258170151,0.008783654898147817,0.1996104184027828,-0.3759893432873269
-1.913280244657798,-3.8954792711245525,-0.9399031011088647,-1.03134611790969,0.1986800095474069,-0.2376833169609843,1.0941795475214755,-7.253606460474611
-1.7249178325130328,-3.2762392847095407,0.8294748419317485,0.5468600082761979,-0.07906734186455629,0.07660907045165961,0.4790031433927589,-3.670336932044732
-0.5622875292409727,-1.1047839801356807,-0.19382613877280352,0.052614859185620505,-0.5791241096357465,-0.5117635579423034,-0.861309579697108,-1.872103160864391
-1.0128311203344238,-2.0908040410302924,-0.26451484131061076,-0.5154810881438572,-0.48083378951197936,-2.1047495057190146,2.178562173991662,-3.58507127701679
0.3142473325952739,0.5801060817851156,-2.0038623644067535,-2.1695210111475167,0.696167997159289,2.042177910534731,0.19433346333823323,-3.491949185257713
-0.9080240755212109,-1.8480828818618538,0.6354180302092264,0.4181026524855814,-0.5176925728692147,0.15532499919940146,-0.14734022662150623,-0.8080057954570051
-1.4123037013352915,-2.7821908080303914,-1.2392583948534726,-0.881058555900594,-0.08809124402907328,0.3981472651225371,0.9639254230555709,-6.687828272447775
1.465648768921554,2.983581086646658,0.05993263026632825,0.2879984541608285,2.169936588080543,-0.05790774987690872,0.24945094593007222,5.541165696146744
-0.22577630048653566,-0.5089226013669292,0.2773769379581917,0.12926927794947354,-1.423682636883923,-0.735116800724588,0.3992281929393271,-0.93532116064314
0.06752820468792384,0.1326209501497494,1.360658595838651,1.0062415552477204,-1.8518427315746586,-0.18592448094877073,2.492183998600687,2.6455124193193904
-1.4247481862134568,-2.6352693365657274,-1.308820399119112,-0.8162761724441403,0.7835896647986067,-1.5993947621943112,-0.27512142825504665,-6.875565938533159
-0.5443827245251827,-0.9160111320402942,-3.0195121558208253,-2.7895580645957443,-0.6786430612941032,2.2770864980533045,-0.3177608940173958,-7.1034819364027415
0.11092258970986608,0.2654775463871354,0.18384954475369486,0.06937548076635403,-0.31823752774262026,-1.234511998422396,0.1165785120124638,0.9002015449380805
-1.1509935774223028,-2.2981868070277858,1.8005111815108537,1.4784937231936945,-0.7811563781311142,-1.0319662838471795,1.0715159355810386,0.30327800784517445
0.37569801834567196,0.7633991693631701,1.2389463529394373,1.0810008266085567,-0.2598001407675125,-0.4402592043864004,-1.506534030190399,3.041354864638817
-0.600638689918805,-1.1399255825645682,0.20965941527462578,0.06576619358152411,1.5985381120963413,1.2880757248523775,-1.9655558914765052,-1.9610679378218991
-0.2916937497932768,-0.6856667561063942,-0.49163618563204736,-0.38642074616446964,0.8021284586181193,0.014508999262654136,-0.5871152706201476,-1.6971012904989726
-0.6017066122293969,-1.2291508782011284,0.8071225966373103,0.14803260662725037,0.8622235118869771,-1.2361357960304624,-1.6339229590592872,-0.8729276403227492
1.8522781845089378,3.5376979616301165,-0.9735461997044687,-0.9104866422303446,-1.4162270557926455,1.2543383607573395,-0.42483134752563845,3.343803278973211
-0.013497224737933921,0.012927862784660085,0.47635776935621926,0.4717879579958689,-1.1511537365528692,0.7310006267854814,0.5024996961292902,1.1626825290415654
-1.0577109289559004,-2.0507022639415267,0.5054701591666269,0.2079173204823656,-2.839078659485427,0.5384349572164524,-0.8907488635522636,-2.653354604672835
0.822544912103189,1.5967711779764406,1.0602099074988798,0.8599647703170233,-0.809380821082754,0.7157342411708404,-1.4268265767813424,5.390732532488229
-1.2208436499710222,-2.2842886236130413,2.7596600389110777,2.2971025312894016,0.9567031863856584,2.394361900582451,0.06933716171534797,2.4687573000280336
0.2088635950047554,0.2951506237092767,0.39241596717876703,0.24542293357146067,0.5169465157483709,2.185094895036112,0.8625434846151703,0.6257127202026501
-1.9596701238797756,-4.065777735780533,-0.5089636257074988,-0.37307814636668485,-0.2215132629521239,-0.6867153430032953,-1.6949734385166126,-7.363123244645317
-1.3281860488984305,-2.633926915940864,-0.025574312191994436,-0.21300596281051803,-0.02230028371805305,1.6238849928111523,0.8202323983059842,-5.178595393326755
0.19686123586912352,0.4984323019994625,-1.7690759048891183,-1.456582979850504,-0.6888855425754056,0.3831681897589003,0.8173062037383262,-3.3388637834449324
0.7384665799954104,1.6453259291366078,-0.6947131310890582,-0.4337272709534021,0.20475888240178416,0.4990958161377494,0.954085102156628,1.2091677160943144
0.1713682811899705,0.296848136093047,-0.409282438113104,-0.2960313582967964,0.7658782794806148,-1.6922708316433286,1.2184802148716865,-0.5114075037937249
-0.11564828238824053,-0.12342848143335149,-0.5240883979345925,-0.5365769722604612,-1.6158867874104728,-0.17038576538819597,2.202013924659616,-1.164723021225923
-0.3011036955892888,-0.6060582381286483,0.152354872033722,0.1667271784851362,0.29964768783734813,-0.8128235903365649,-0.3560920486190552,-1.3597685018412946
-1.4785219903674274,-2.974306710728937,-0.8224199323822006,-0.515013987778437,0.9324348709546673,0.8280588148933092,0.10957158007785811,-5.681418208575731
-0.7198442083947086,-1.3513224230407501,1.1210306673244714,0.48683627814408154,-0.4151002889633696,1.071080500402805,-0.41643843324802554,-0.19502590449935786
-0.4606387709597875,-0.8560452540782331,0.00020706491819709385,0.23198046492573723,0.7007006121205837,-2.0744863510163114,0.0019768447558107757,-1.3754173419015157
1.0571222262189157,1.9566052367394065,-0.009300321138614417,-0.07469120464710594,2.814654444472553,-0.02203486400427045,1.5328733556363119,3.106328785682992
0.3436182895684614,0.8348906141095124,-0.32789471651291785,-0.1772177865622882,-0.10434279298689192,1.1218615047942522,-1.3450144839306688,-0.2607088247665934
-1.763040155362734,-3.388071175310723,0.15519068385897913,0.3636019318162289,0.3933070500053236,-0.18667896231344497,-0.8610496721655755,-5.555281264240135
0.324083969394795,0.585611668638637,0.8250982646676347,0.38574387228801454,-0.7380570836613916,0.7290636450023644,1.3771809365045613,3.1063456720213676
-0.38508228041631654,-0.7305842074888922,-0.8671302157109003,-0.8355923730542296,0.1812511626020504,0.35116546762708406,1.0200365069020898,-2.690011193919902
-0.6769220003059587,-1.3044409819836436,-0.6581164890752567,-0.5842029304353463,0.46027162498230384,0.34166023195262635,-0.363131646817078,-2.821974458291676
0.6116762888408679,1.2494199542641264,-0.30372602877666466,-0.3997315272462174,0.19484234027013805,-0.27131497806829746,0.8544020011207198,1.3899059267205336
1.030999522495951,2.00696852960736,-1.345870923473215,-0.7297094236112103,-1.0196953197088567,-1.2165808041357096,0.34121584249203324,0.47275203794603127
0.9312801191161986,1.795397901438592,-0.8192578597214978,-0.8267607065425568,0.2063617713254507,-1.1215301474250274,1.500274609000988,0.29231932857221665
-0.8392175232226385,-1.6809904535444216,-0.47622087354465903,-0.4920860547331006,1.4621959387176369,0.7093525144553172,0.07450959382677262,-3.605277665137818
-0.3092123758512146,-0.5011518497764926,0.8743891807127275,0.7403891508907774,0.4486357645145273,0.019458255518883118,1.0256321138725824,0.8074490736699393
0.33126343140356396,0.7168868782665712,0.26256132900192497,-0.0303808420136778,0.961987189071841,-0.13851224460722475,2.64201191049262,2.4954665513508285
0.9755451271223592,1.9140288210361078,0.19358991136754436,0.07573578674278272,-0.23701197001262772,-0.42389004232235256,0.5980991550474662,3.657293520151505
-0.47917423784528995,-0.8811786046257455,0.8508979621679722,0.7442090219844129,0.7499002394237105,-0.30518884548075176,0.04932816579484362,1.0323038016548387
-0.18565897666381712,-0.6561722153906417,-0.13737178839939665,-0.1764695115960196,0.27926783821652595,1.0469117944881394,0.7224469852209794,-0.5329516538428806
-1.1063349740060282,-2.097793377974846,0.3904648499288896,0.293694508163122,-0.950910729687232,-0.33524408186802673,-0.3652808582038849,-2.893726835635045
-1.1962066240806708,-2.5663846260391514,-0.10322175293249623,-0.18844382483567118,0.31852100479887446,-1.3410647133015687,2.387967705524732,-3.736501270032079
0.812525822394198,1.5888075506480828,0.26536234939962844,-0.09060418231645065,-0.9916966634403105,0.7436517755401733,0.18007103769598148,3.0864139891139675
1.356240028570823,2.6005130676790316,-0.5827586576115821,-0.40188828382141795,-0.6328802748847919,-0.20487666386471723,-0.27293332022551287,2.433624985603964
-0.07201012158033385,-0.27348839073275827,-2.438817158276429,-1.6000671122916952,0.18932830729237413,0.03139586553277644,-0.8356890050200362,-5.28585836959032
1.0035328978920242,2.1231484745219005,-0.13427916218630415,-0.10374300359235569,0.29724427338012405,1.6075783063995104,1.0972201916064384,2.639156872464878
0.36163602504763415,0.6765019299640791,1.42274813609994,1.1832513323294622,-1.189232465077129,-0.020560557350507186,0.8671874128277388,4.733214263625342
-0.6451197546051243,-1.255589121037177,0.9262154022415924,0.8795168728166459,1.0539857711828762,0.28918367311872534,-0.4973543714140932,-1.123298722027677
0.36139560550841393,0.7180991531289095,0.9653974845911707,0.5184518883635967,0.5720062783004729,-1.1789234912983253,0.5764513451224227,3.6178909960656047
1.5380365664659692,3.1237772156542505,1.2361307218062179,1.3294075090708954,-0.7047284356108838,-0.21966945235096014,-1.5085559682128564,6.617973525530651
-0.03582603910995154,-0.06396988911387753,0.08865759096143744,0.11139183205371037,-1.5375847964491753,0.6095260452086012,0.18497057507315626,-0.6162025290417867
1.5646436558140062,3.0009880892091556,0.1973157074055956,0.4842239457422983,-0.1449045790814313,-1.5553737338412423,0.4527563520766945,5.678533447272442
-2.6197451040897444,-5.139863526234775,-0.6176518954343502,-0.640728115452278,-0.44594371386116016,0.20084509311570958,1.7073298095592229,-8.728590068520742
0.8219025043752238,1.5944293504343163,-0.31607285602704976,0.11075409968992517,0.11314045705302281,0.1007910726448063,-0.7708188027286894,2.4608211522621666
0.08704706823817122,0.01843594661036732,0.6157711497711416,0.6476480186238699,-0.3631166611555665,0.04128745558743938,-1.2783526288023244,1.8930344780295851
-0.29900735046586746,-0.6408262170283262,1.2038844371688162,1.0737155669055247,-2.00745686074501,1.0371588986582432,-0.8954279609250417,2.5406693238087312
0.0917607765355023,0.33359753213443566,-0.13944627568099954,-0.06475212967417004,-0.3883469383011584,0.3344385148485215,-1.33656850031492,0.2757516967167505
-1.9875689146008928,-3.8901156549904363,-0.4501892648514116,-0.4098571354960192,-0.30561911106831297,1.478071898356444,1.336657357758983,-6.941323961567081
-0.21967188783751193,-0.4742089891158098,0.0005279588565972928,0.24052869878005237,0.6336610247740587,-0.9935895155940362,1.5486392950240366,-0.48649655713866996
0.3571125715117464,0.67929937259165,0.6012067489291149,0.5090373731129013,-0.6981996746110497,0.13592456721834797,0.3202165779488289,2.8954857765664506
1.477894044741516,2.923624584361294,-1.4438548161335418,-1.5484977936242639,1.6786746733725662,0.08446678638994742,1.221294945685148,1.1562848393274059
-0.5182702182736474,-0.8288656381912107,-2.296180953137238,-2.060382054851191,-1.911640550651757,-1.06925449375508,0.13395838058023532,-6.473116852361109
-0.8084936028931876,-1.5787936605632198,-0.5505368494915835,-0.4775986300318163,1.3111674978026244,0.9562950020913461,-0.09511164770076601,-3.6810345149616834
-0.5017570435845365,-0.9605099224499661,-1.2207124259141586,-0.9145701440982159,-0.2243189708781048,2.324673305852818,-0.33303761905376167,-4.998987381964593
0.9154021177020741,1.9338325808073324,-0.5081401976473109,-0.4178298558978279,0.8595848723435562,-0.017006074483830996,-0.3103909913775655,1.7989651620203742
0.32875110965968446,0.6813811352220203,-0.14778031881747153,0.12556990290475545,0.0798014840587331,0.5050210882737669,-1.5478015563090313,-0.2523716606314028
-0.5297602037670388,-1.0854246221161479,-0.4532484090230134,-0.7528191000261357,1.1395555360254692,0.08451847581532725,0.26425476360733907,-2.4692477728808337
0.5132674331133561,1.0068998813182144,1.4524675344707454,1.1906916148776285,-0.38736196455281124,-0.7135846699071758,-0.040333910214043756,4.877382246349184
0.09707754934804039,0.1869949727546744,0.32674476460232005,-0.10220003339557493,-1.0986204251778122,-1.8207602778020162,0.7453607240778758,0.7062839469268435
0.9686449905328892,1.9335677574147943,0.30047435961082836,0.39232194678549637,1.4205042872710631,-0.7057734830953651,0.0935234964386097,4.34544162591376
-0.7020530938773524,-1.3313432333910067,0.6222071440434019,0.478873972346321,-0.11348064588214118,-1.3919583809517313,-0.16270370156909178,-1.5919954432544972
-0.3276621465977682,-0.6501297046148065,-1.1388331177807691,-0.8271444998197918,0.2215584736242106,1.7041020780591178,-0.8711930300076307,-2.6650223345389263
-0.39210815313215763,-0.7109522985427573,1.0391117874202687,0.6585128378182618,1.2347519140447951,-0.11510969392323915,0.07215323682176132,1.2394676436475247
-1.4635149481321186,-2.9351015542750956,-0.07576428653545988,0.19528155710318232,-1.031955242094435,-0.3459193290471707,0.738237230816162,-5.40009004162262
0.29612027706457605,0.6001040731607612,0.6704806172412126,0.7447294266047403,0.5954908976392573,0.8891538247878059,-1.1433389910838607,3.5847192151964196
0.26105527217988933,0.3222904759065679,-1.0718572330401555,-0.7407769258297469,-0.5898947564628909,-1.121751102855888,0.08747375368073924,-1.392421292292626
0.00511345664246089,0.10185968075516993,-1.5537587660160643,-1.2689104621855398,-0.13216935564437185,-0.7668640380045524,0.23304295152948393,-3.530919173182562
-0.23458713337514692,-0.4345254191604946,0.8178896580250287,0.7702831834790494,0.07227896538428889,0.06807226924862103,-0.7180647836182643,0.22847431853260813
-1.4153707420504142,-2.730940473114863,0.3764095260975166,0.15974910728054353,-1.500221861446936,1.0287689914234805,-0.5878563049080002,-3.6033021877860465
-0.42064532276535904,-1.1309161833500871,-0.9020515543575104,-0.5505301116818659,-0.7788370428204348,0.5016850451687882,0.23061084876621443,-3.129742513206078
-0.3427145165267695,-0.4765915625754662,-0.8696630812746944,-0.3658342861549713,1.3510728924131392,0.2483251425158822,-1.133421018292623,-2.716146947859865
-0.8022772692216189,-1.6185135012587553,1.1254347844147694,1.1144699395276527,0.8861911885847956,0.07811773523601635,0.34992371524939253,-0.304860316947298
-0.16128571166600914,-0.2117531416582666,-1.1894118928673278,-1.0974500082553442,-0.06263957732723487,0.40023585552677515,-0.8953543736592,-2.546068265675136
0.4040508568145384,0.7041111209165237,1.6426729532559634,1.3864218260593915,0.24312345851289308,0.20165290512925463,1.0628536930332164,4.303683560623918
1.8861859012105302,3.8336491929273175,-0.9006207346478687,-0.9791248964700245,-0.29424250563645765,-1.0299722747769358,2.3378277453883,2.8898341757156176
0.17457781283183896,0.24381406934631228,0.638391925608383,0.6251916027218415,1.356583385827982,0.04607922163315134,-0.8607568017018197,1.7258365418874622
0.25755039072276437,0.4527238853759482,-0.3286184757489846,-0.17277409802667992,-0.20035257779416388,-1.0736886589177526,0.5342078623746747,-1.0683246060163152
-0.07444591576616721,0.04251130385434421,0.6031874310823431,0.10858667695944163,0.23184209213484805,0.08108254290082371,-0.7267419048820193,1.1599224303118794
-1.9187712152990415,-3.8566106706744177,-0.5441140021141926,-0.6676479704738268,1.146030144142065,-0.4806479414882414,1.0409541737977894,-7.334191765266828
-0.026513875449216878,-0.03128446358046147,-0.1627929060722942,-0.1868621042065888,-0.7773714848459066,2.5393816227828614,-1.265258409085215,-0.32344726103433885
0.06023020994102644,0.2074671929509283,0.04091917539572113,-0.02743660911158835,1.558789184496894,-0.03989438375171192,0.48058675842771265,0.9195664713768237
2.463242112485286,4.976052413767833,-1.0021874557814727,-1.0436453517089392,-1.5304614097433769,-1.4042395662615887,-0.8729889668893527,4.910977078258913
-0.19236096478112252,-0.3696800390478874,0.7408243454201259,0.6704552222065374,1.6296421311127987,-0.13418021067692457,-0.20698458909836875,1.4351939257529431
0.30154734233361247,0.6395907849138475,-0.5132135664715852,-0.3602761313891658,-0.3726755839519746,0.5193587456378881,-1.031025275147307,-0.3384798892854096
-0.03471176970524331,0.1709180191133409,-0.22859991534001858,-0.22173375866771874,-0.24269874782528175,1.6733639461525236,0.8223504708957536,0.3152622612370256
-1.168678037619532,-2.343117954942423,-0.9943493746085122,-0.9466377997184825,-1.890010171182943,-0.5894523999387185,-0.836980354439587,-5.677309168674728
1.1428228145150205,2.3057555337015376,-2.5623336587953105,-1.8401255017529357,-0.4547947173776929,-1.58242797402364,0.5519642593318276,-2.116445366798905
0.7519330326867741,1.6089315049743096,-0.19102776260016902,0.17825921253752383,-1.0398065310268843,0.8168370114309812,-0.34409802826233293,2.2173627980576285
0.7910319470430469,1.6926164873818923,2.412615421612916,1.8333800405210252,-0.6076463453734726,-1.3805987058996512,-0.11447237179886294,6.9804318195431545
-0.9093874547947389,-1.70007187903344,0.7846042878980238,0.505250046887455,-0.1373109657888796,-0.43615544150748503,0.14775590740012853,-1.5796785456526734
1.4027943109360992,2.869461644075117,-0.01926037973439464,0.08283322929488354,0.9577916144729056,-0.25762048551099404,-0.7618246716588487,3.9309422479876126
-1.4018510627922809,-2.9180026168576103,-0.2628908292082677,-0.2819185393160114,0.20760335140062577,-0.06963345330010817,0.2103671135408869,-4.75363811288488
0.5868570938002703,1.33705734083065,0.02246589281204638,-0.00990672588300973,0.30767665340111383,0.6891644570743356,1.530334564354411,2.4765931326473307
2.1904556258099785,4.2662767123180885,0.54711911517521,0.5856259224851023,-1.0955193888455623,-0.6836342822863877,-0.7780947858327143,6.698561235050568
-0.9905363251306883,-1.9508091037374733,-1.1808128153088449,-1.3265214697485344,-0.8807540896027302,-0.2737292521667607,1.1718101432738448,-5.3216942765345445
-0.5662977296027719,-1.2080230442074797,1.114321694668872,1.1551178207056316,1.798725018351312,-0.014270352949388505,1.4980976334877842,0.8422019978564501
0.09965136508764122,0.19288889551598318,0.7153813154412441,0.5868411572188635,-0.7352010347632466,0.14959795751878804,-0.816154989028044,1.8264410136413098
-0.5034756541161992,-0.9740750672020504,0.7181857257079345,0.49224995165391155,1.6562082520572956,0.09782717470792267,-1.455054605090552,0.5808770737840385
-1.5506634310661327,-3.069191140587238,0.4384757388097273,0.3329337602034921,-0.2430611988808665,0.4360057752225798,0.3019609001717647,-3.812211480458206
0.06856297480602733,0.17931802503558314,0.019616657693989903,0.00817919715929567,0.0022879361435040493,0.8438395096417373,-0.547407522766873,0.1526465187130892
-1.0623037137261049,-1.9632363005463451,0.6728612359668199,0.19204872808447088,1.0703651602299298,0.392634115650968,1.8686032191630024,-1.5450238957380031
0.4735924306351816,0.9925382914217612,0.591814133741378,0.7724389524837496,1.2718924219386565,0.45358552350921844,0.0348075404998322,2.6540624668639756
-0.9194242342338032,-1.8632641319966712,-0.3540407109410238,-0.27496744229869535,-0.1108125602790875,-1.5822231667464777,-0.8021994080351792,-3.6615584937236925
1.5499344050175394,3.1962775268639145,-0.573601772896901,-0.3702809922280457,-0.3882430535215389,0.05022769916568044,-1.1471595110117114,3.760671689052006
-0.7832532923362371,-1.4475595357800102,0.1018562952619867,0.2717949903243979,-0.05592044852221312,0.4795075480016086,1.0899049590908303,-2.47231143309306
-0.3220615162056756,-0.7668838139250505,1.5490201514951873,1.0349836296840897,0.3379575282321183,0.7289411945704503,-0.5711839740841865,1.8262671783636846
0.8135172173696698,1.6867744417243253,-1.2391070756539009,-0.896591280716075,0.8913036868697555,-0.6923507742337942,0.04382879946042826,-0.3016595100815994
-1.2308643164339552,-2.3916113586368204,-1.46752526575244,-1.2275484307817108,0.004229858994151577,-0.659039274888645,0.9558027451124809,-5.9511089007235425
0.22745993460412942,0.4251635188722596,0.16476084123651674,0.30116282803251215,0.6188862980231536,-0.5741006752835983,-0.4842583519308302,-0.5986066917074351
1.307142754282428,2.751856189896018,0.05088770185601806,-0.38473532258548465,1.638359732270941,0.5364138998913434,-0.04592882874016064,4.221003083940792
-1.6074832345612275,-3.2299720278257076,0.1733416643704082,0.11885447144807278,0.38130961226478466,1.0338810549242086,-0.016568409822520076,-4.458630467842755
0.1846338585323042,0.3818253624117626,0.24395319790850026,0.07459842717000789,0.3116528560047783,-0.4074601072916016,0.6833245115160919,0.2013727417948531
0.25988279424842353,0.5024584060684602,-0.22320225463480511,-0.09210921358101301,-1.5189108250900678,0.9079623136270489,0.5907443355103258,0.4881072630436615
0.7818228717773104,1.5652036483127674,1.4898634386020821,1.2858995883553064,-2.6307301368290634,0.12347980916459421,-0.22011373125482853,5.563071488451861
-1.236950710878082,-2.583528930445684,-1.6009039784765156,-1.4222483617456176,0.38837572923016833,-0.12428577716243629,0.06364906149651771,-6.6178404739085765
-1.3204566130842763,-2.784918314427982,-0.828497024780246,-0.8052323926594056,-0.09482423128087224,-0.21138422981796898,-0.3717790115234884,-6.944277920335796
0.5219415656168976,1.2033336375562924,-0.10325476014904739,-0.1047368818307038,-0.514782674914742,0.7466113646021572,-1.4776124069194447,2.042509882479817
0.29698467323318606,0.5092732116345393,-1.6431888111541673,-1.4938794943863756,0.24353020418634463,0.3255778167870701,0.2576008573981294,-2.764291954951197
0.25049285034587654,0.40184646574612237,-0.17585440443207118,0.027713215544768466,-0.06040372919690829,2.2758254276476375,1.8921917608330678,0.7430536155500753
0.3464482094969757,0.4775574076335799,1.6614701657280182,1.2553346924929256,1.1277802506338985,-0.8522246429973241,-0.8837191406910628,4.732821850288106
-0.6800247215784908,-1.4239456179259318,0.020886488295961788,-0.5646884532275589,0.0861108682589779,0.5181017020299757,-0.773029709602703,-2.4366497309531954
0.23225369716100355,0.33219841498125724,0.23070090571868349,0.10959631325058557,-0.7469232850701676,-0.5292010098115129,-0.8707277716437414,1.488392879096153
0.29307247329868125,0.7503464626109995,-1.2601647651725802,-1.2158405763068587,0.990166238959289,-0.8692869869886438,0.7245917787231225,-1.8338587309052958
-0.7143514180263678,-1.3277211271184721,-0.6163614080394775,-0.819344289523771,-0.21713107494620248,-0.010867137034972144,0.4484854541964401,-4.411465659827137
1.8657745111447566,3.6627339877717406,-0.375196380323937,-0.5476424319036641,0.5265366836723071,0.13735247940703602,-0.1585376924164567,5.4308017355502844
0.4738329209117875,1.1729094223580059,-0.31771509675623405,-0.23229038303839325,-0.47741070619280046,2.9181735550600925,-0.918019061638965,0.39854608771477457
-1.1913034972026486,-2.2844304457061377,1.2816437950037687,1.2910432016526612,-0.6498268854974364,-0.18414581568320207,0.0923767916399243,-1.4378696329694358
0.6565536086338297,1.2806240789167973,0.5576910607251245,0.5087897433530957,0.08416823018569615,-1.1301787294846835,-1.5646221273358043,2.883510013333377
-0.9746816702273214,-2.199303911942,-1.111457956937032,-1.0104670431927736,0.01282864354368512,0.2730107174943857,0.14342656685749322,-5.010842561892334
0.787084603742452,1.8032634647439783,0.24650477843200488,0.2883846617797444,0.479827035366833,-2.0746400375463683,0.8715243860879341,2.8256281626803146
1.158595579007404,2.1782339113384483,0.49822174849678513,0.30675933675362976,-0.26864575330974255,-0.09195678260426586,-1.2511991366336779,4.746263696369367
-0.8206823183517105,-1.8059045113991101,1.1401490385212665,0.7731991569843842,-1.8363597837703973,0.016025282295160426,-1.5325182768296637,-0.8514935612769279
0.9633761292443218,2.029009301689608,1.5805406865683735,1.033560015608102,-0.43277388358838864,0.7946003829452114,1.5794378916948595,5.680016575654345
0.4127809269364983,1.069537094506924,-1.0150941918278686,-1.1624411148126388,0.7938184671438157,0.9736222494278469,-0.6117596395045849,-0.8498441390070092
0.82206015999449,1.782547601840032,-0.8108575112103382,-0.7266707502801597,-0.29737607924310644,-0.5035696189077175,1.135947845943822,1.7934091038921463
1.8967929826539474,3.849976877313131,-1.2575778589146163,-0.9744515891476667,-0.24638340251454802,-0.150614014629933,-0.1539976651978317,3.1183169609257306
-0.2453881160028705,-0.4313007978392124,-0.23401985910698136,-0.20654062128856304,0.9863765059059371,-0.7661208306106709,-0.16195481694132746,-0.6615929343917586
-0.7537361643574896,-1.4221307728369483,0.4663583744463345,0.2898933139675959,-0.7119732272589228,-1.128062554807694,0.43841269949664524,-1.3092141597876412
-0.8895144296255233,-1.70313600027237,0.9873345165891019,0.6007184011319253,-1.5428032182428997,0.30989477938063453,-0.8839988567464406,-0.9357035744171504
-0.8158102849654383,-1.603501427533939,-0.07595102364252276,0.06088841942297549,-0.16063111952549436,-1.2735855485965992,0.13249714349564554,-2.7226951142385807
-0.0771017094141042,-0.14378330843302078,-0.31984752325484395,-0.5193044025931921,-0.484173951248737,-0.41462690057186313,-0.38148941482409277,-0.955210030766441
0.3411519748166439,0.6760446368433355,0.15175799224874037,0.2766119765676874,-0.966246319753254,-0.9951739598992374,-1.3204934434050315,1.6287947784277816
0.27669079933001905,0.4779851397733705,-0.835142901630023,-0.8685577250893635,-0.17537845589869072,0.5496831862902597,0.3374820747263991,-0.15290777148171164
0.8271832490360238,1.6262989903853702,2.0895387216947734,1.5211439298852119,0.49150564724678364,1.801430099266488,-0.26330780687791616,6.8404676143407785
0.01300189187790702,-0.14329189766372452,-1.6076610271180587,-1.5794858598175825,-0.009288561567815747,-1.3015879828033312,-0.1570248284447078,-2.5827775392315186
1.4535340771573169,2.897234191635159,0.18474057889572446,0.04751203373945223,0.30698107268623775,-1.853018482897569,-1.2101609434141578,4.247688520448557
-0.2646568332379561,-0.628172777191004,2.0236062192296393,1.8139474670793074,1.813407698515423,-0.1248868853500674,1.5914003677628041,3.045926684338395
2.720169166589619,5.329979401457661,0.006799844559997769,0.10856549333678953,-0.3428788615575641,0.01569779595775838,0.8767141863861161,7.811955921785019
0.6256673477650062,1.2693241106453603,-0.19003903500149447,0.04365319440441143,0.2783486346446696,0.21865930675729772,0.9641558841719786,1.6541462687294561
-0.8571575564162826,-1.575114884198105,-0.3574454228104272,-0.1815278290615546,-0.5092133625991345,-0.4463205152343449,-0.305444702441682,-3.4658427074594087
-1.0708924980611123,-2.049953335521993,-0.18039168176240783,-0.3650473111160001,-0.8463597198869729,-0.20063929882543183,-1.7291828895034203,-3.208574389191055
0.4824724152431853,0.8078947701240529,1.3728484746765302,1.0321209348757125,-0.5849076534177698,0.3675104105406022,1.9529173824895107,3.7276133392663957
-0.2234627853258509,-0.5458883843087355,-2.211861911329507,-1.925529354887098,-0.47875857152168855,1.040430892644839,-0.061097508005868134,-5.072596691975925
0.714000494092092,1.5220781069830056,1.5334337012963255,1.4928619418448685,0.35947579754712555,-1.9550487703182828,-0.7487997960200538,5.552297840375055
0.47323762457354485,0.8482265097932588,-1.423957152450145,-1.3785234512453783,2.3490757867007575,-0.3689394390314622,0.4168015744831139,-2.4608528186999608
-0.07282891265687277,-0.16812114031344802,-0.2666523292344148,-0.03458232550970966,-0.7160434362758403,0.2138087939410634,1.1671207880032974,0.30902425722565374
-0.846793718068405,-1.6385822262343548,-0.42924442029866183,-0.16480476221717563,-0.4166253056154625,-0.917976104610736,-0.023050556085466193,-3.540445937242476
-1.5148472246858646,-3.126528894858093,0.5885532697707198,0.8367666561597933,-0.06312301311124825,1.7311696317672995,1.2785751679393744,-4.379955091354241
-0.4465149520670211,-0.8824923535194462,-1.5981243518837476,-1.3604368000328977,0.3957988487097471,-0.635409880228737,1.0829999385168685,-4.456746610680166
0.8563987943234723,1.5793950391551241,0.46217266608194285,0.5122025647815867,0.26355081195478497,-0.041292687007282836,-1.0763811874020583,3.510263449120878
0.21409374413020396,0.36805072386528653,2.0243096232868525,2.075778065937251,1.2840957939481172,0.5560220968422908,-0.6737901056594764,4.649953289178071
-1.245738778711988,-2.4594993640097225,-1.3631740045928105,-1.2140675390609879,-2.4263920705352082,-0.5912847888018945,0.9575371632797675,-5.9679687888582515
0.173180925851182,0.18706247834919706,0.18970616761039566,-0.15524311541815544,-2.3869298701956727,-1.8465730478044171,-2.712612563810438,1.2726775984878653
0.3853173797288368,0.8146822332537135,-0.6619821777966091,-0.90558774901884,-0.4958781720101493,-0.4286545269165333,-0.14945569316498877,-0.019074120894785135
-0.883857436201133,-1.7696786522949342,0.42588720619303577,0.4832521707266949,1.0973001875437087,1.0294405559270405,-1.4308312016246718,-1.5747200792440037
0.1537251059455279,0.3626992073327706,0.01914777741575206,-0.36131181967911513,-1.5656480316055963,-0.33689512678513855,-0.47655380143352466,0.4472916479490445
0.058208718445999896,0.13880885029846593,-0.6414869090443096,-0.5876533378230323,-3.007632339693757,-0.8464343014589786,-0.29882008902920415,-0.22060223813059532
-1.142970297830623,-2.1495265526638616,0.487872284871074,0.4777604653046513,0.5711794062192087,0.9256722095027217,-0.35824437790750796,-3.1927643329286046
0.3577873603482833,0.7280971709613573,1.804348109786743,1.4805135951953772,0.24365722370271442,-0.3307748960230527,-0.5522612521126086,4.751884137726284
0.5607845263682344,1.0786284986239434,-0.19090379172729868,-0.0676340605450045,-1.0902084067994298,-0.5101608136502173,-1.097143649628814,1.333058311244496
1.083051243175277,2.1783322366537825,0.7197579421481819,0.6202643248787163,-0.9855396007209299,0.14945608966330953,2.291911266818686,5.095309816854491
1.053802052034903,2.1619339069734447,-1.2932729578711637,-0.7788452036342524,-0.9697437196346744,0.7707502096187874,1.8674620041613508,0.15293330164993207
-1.377669367957091,-2.7504527288816116,-0.9564363768180087,-0.9556123776021664,0.11053531747394013,2.381713531732546,-1.162065820256283,-6.917717158705559
-0.9378250399151228,-1.8715909107098574,0.47240627788037737,0.24252599461259564,-0.626315276183007,0.8272361076574231,1.5821167513035672,-1.790251055935517
0.5150352672086598,0.959871365636644,1.484116028535965,1.032760933774607,0.49406391897551966,1.1598399663883443,-0.3994654904728529,4.653953104807211
0.5137859509122088,0.9612818100693228,0.35561334878566,0.45052904140105,-2.854626662904391,-0.5059661989878553,0.12918747333171046,2.997384255031771
0.5150476863060479,0.8898348454321264,-0.31305803052315434,-0.07036670673951076,-0.8568518651277993,-1.0258681059694763,-0.06327395989691587,0.28384597470929185
3.852731490654721,7.880420655628137,-0.0007085945766459172,0.0896781882023849,-1.1260539609110503,0.06233134961912296,-0.6597486412539658,12.134124166169231
0.570890510693167,1.0173946978472055,-1.2504077339697175,-0.7636274537977885,-0.2563406783724922,0.10716991525959621,0.9838523436061467,0.3955632461536267
1.135565640180599,2.2018407605816073,0.6045153263553668,0.2480040876090173,-0.5380477584901385,-1.0785127413645972,0.1258865305766578,4.426845129491292
0.9540017634932023,1.836162800429485,0.8823330623234091,1.0393112721689548,0.7978437798957666,-0.17529452990401284,-0.4765514232192414,3.9812003053798137
0.651391251305798,1.3922749403060402,-0.45209033283308037,-0.05702454192401263,-1.8593367716600575,0.3993176017191309,-1.3045894438004726,0.8465059050645476
-0.3152692446403456,-0.660033457109894,-0.4700421477595015,-0.22890931875845189,0.045491476330752,0.36039339501808015,-0.8935950137191204,-1.8788895457543495
0.7589692204932674,1.6427126482539083,0.2658782296520485,0.5690623654758509,0.5583364232117055,0.5042878533842724,-1.6413801156020968,3.0905580582873564
-0.7728252145375718,-1.6129994914995305,-0.4367197360405955,-0.6807004303680313,1.8566474365619547,0.29096473013744295,0.012223548415169466,-3.48761248061293
-0.23681860674000887,-0.44573779725763757,-0.06613261462582246,-0.15779571895318834,-0.4817659710934752,-0.5070086592700558,-1.1966655922843958,-0.06512178239800048
-0.48536354782910346,-1.0542618009841827,2.0997217891665154,1.532716739196822,0.32445860435251705,-0.5139006266488432,-0.26556051251854124,2.1860867773416897
0.08187413938632256,0.37826319154998395,-0.24702570074599667,-0.05332469584532867,-1.803862792562365,-1.198951397993876,1.3701018536103708,-1.1180315594194257
2.3146585666735087,4.510557291444066,-0.3583401520212222,-0.4967002695374069,-2.391956204313024,1.784775039185095,1.1992995729215856,6.78065060812174
-1.867265192591748,-3.7035483141607934,-0.6475418056351592,-0.3665344146406303,0.8447743757816999,0.013450364619293007,-0.03227689410261781,-8.03418970464866
0.6862601903745135,1.4358980688422367,0.7441919714999368,0.8694608059992921,-0.005560293648070566,-0.22485305579485193,-0.08708472614314992,3.445099629687056
-1.6127158711896517,-3.1840518326341534,-0.181224173218103,-0.0059387585576825275,1.1785126897984228,-0.9287920814524587,1.879874549421008,-3.6417553954011366
-0.47193186578943347,-0.9623924974666378,-0.649373038321426,-0.4627482259248406,-1.3734028889697492,2.9356579023277782,0.5207561203587112,-2.720563450491118
1.088950596967366,2.1649191239613894,1.321304032273012,0.8594685576382599,0.5199021395287525,-1.0733280322228955,-0.3278064598765229,5.349076030099998
0.06428001909546277,0.1329411853888365,1.4196030045136372,0.9663122103858369,1.8688178405438531,-0.4288479256060734,-1.426018117120452,3.003347334420266
-1.0777447779293061,-2.170189756021461,-0.6004235657387051,-0.23041507153163082,0.4197056083572659,0.4158368362860605,0.39387321816474324,-4.459481859575096
-0.7153037092599682,-1.3342195068404454,-1.8665399513606162,-1.3373621603074266,0.27658150559104877,0.6002129657442777,0.8293237725828624,-5.798666060324578
0.6795977489346758,1.5802477980284868,1.0075136898369221,0.798207047994029,0.008556080824349832,0.957932055215684,-0.6316515245136439,4.384952117557682
-0.7303666317171367,-1.5164824419350567,-0.684629825760004,-0.6312857697611813,-1.5708814571259122,1.8076085077692632,0.2912027551380325,-4.079915130855288
0.21645858958197486,0.29593688120604195,0.7906255991627686,0.2273389047079395,1.355572935710348,0.5061576554607123,-0.3635732949150291,3.0744009946898587
0.045571839903813784,0.08231547497250208,-1.9701038177118355,-1.7902535379063564,-0.6108576398050658,-1.0560307999666676,-0.18403239919900272,-3.6809349735259205
-0.6516003476058171,-1.0452297614462023,0.8925973382993092,1.096361688067392,0.5044832563830169,-0.2569451251217815,-2.4878220575623313,0.19379065698206915
2.1439440893253257,4.207520721853678,-1.2111719292807812,-1.2250286576251184,-1.5630343065712535,0.30783237251388496,-0.2217814037161355,3.6954137095365933
0.6339190223180112,1.4317497251804292,0.7307641190665245,0.6225072594974358,-1.1794596645077804,2.068226041505824,0.9693693024080543,4.006476373584849
-2.025142586657607,-3.88251509190757,0.014273067836434106,0.212907248908187,1.4350873992222355,-1.397805478424297,-0.6314025555665582,-6.175407828706486
0.18645431476942764,0.3175498053680558,-0.9539394193966448,-1.0141360691177745,-0.34730228895784293,1.2025765052252275,0.05252636821531626,-1.209739637738241
-0.661786464768388,-1.2666746216182485,-0.4070363129267805,-0.2886869553852078,1.4532754760425446,0.1799143695464168,-0.7559507066919204,-3.2659850587522796
0.852433334796224,1.8677063319053018,0.6863184569567008,0.7366378730674917,-0.07823065905851781,0.8378305352294807,0.3604416762927729,3.43147110510101
-0.7925207384327007,-1.62295425096415,0.10589445311523424,0.08721542687363747,-1.8418977729578574,-0.10199471663593199,-0.2165231975361736,-1.8216706558411926
-0.11473644146689901,-0.2498309189440342,0.5844129804724842,1.041210995511341,0.8920675997317206,-0.8424326301263264,-0.9392415406820068,0.6028132214405785
0.5049872789804571,0.95180646656605,1.9764405845154855,1.2474326158367495,-0.5898923177556078,0.750872779401332,1.3325514676651278,5.040931462220154
0.8657551941701215,1.6300347152709562,-1.5642416117110514,-1.0396475833920653,0.6986888135170435,0.6544310271056212,0.9289320135322151,-0.8528093119252533
-1.2002964070557762,-2.465520568618153,1.617212574968624,1.2592097124956063,0.025210867540082116,0.9720569657397219,-0.6049067639281748,-0.016987535371370044
-0.3345012358409484,-0.7913964983581224,0.10435593752321293,0.23786878098590536,-1.5431182279428703,-0.01330463537863531,0.4977883094177774,-1.1093107630782246
-0.4749453111609562,-0.9464822754959897,-0.8987840483231282,-0.6307658083186534,0.16429476537056906,-0.5998220233198494,0.5374120028203807,-3.281231495930207
-0.6533292325737119,-1.383655788253288,-1.3303136257389898,-1.2108821400131913,2.196223142152799,-1.5587869950238415,0.642301235011176,-4.613101074055567
1.7654542402810969,3.5542870717412685,-0.1891203907770335,-0.10549703412975875,0.4929864585144592,0.8193732681394064,-1.6942558959950778,3.959447496284075
0.40498171096095553,0.6543738573015483,0.9216501119244593,0.36573979925991007,-0.05751775300546313,0.42388948244398605,1.006606541032628,2.3226821540450264
-1.2608839543350452,-2.4886798854486445,-0.12754912037753421,0.018610203812251383,1.0753434019568977,-0.9657826328639593,-0.5696989629257314,-3.8696111591364226
0.9178619470547761,1.9190767902704446,1.5111549302473475,1.2685556373959832,0.2106684652031108,-0.5385736732966242,-0.3578279334412669,5.407381021082674
2.1221561970126332,4.044938829768121,-1.4511756900515589,-1.0332085183126267,0.20953423026279433,-0.46675881195144053,2.6378817522602,3.992479666574991
1.0324652605511468,2.102336178087051,-0.01208894784605456,0.2019525067405864,-1.0916251721591026,-1.4829844319824181,0.3018733807210118,3.5566214380866032
-1.5193699659540134,-2.9159730326606974,-1.252393444413119,-0.9283907874885531,0.23384802578959837,-0.8176823966051338,-0.3863224754471755,-6.703312453510561
-0.48423407286625136,-1.0894322476016232,0.3636318826249679,0.32052339005962954,1.0354434164169448,-1.1338303568063541,-2.205294372755906,0.1844474403074804
1.2669111491866227,2.7010795370570158,0.8868873900973003,0.5332962447455818,-0.8360621521000247,-0.4124790118879367,1.3897641339463556,5.532963563882878
-0.7076694656187807,-1.3734370303009569,-0.42076179368105326,-0.47905358767465284,1.4244958212469476,-0.7386974983295628,-1.3452096708086025,-2.640091021266529
0.44381942814622843,0.817137670716616,-2.6042138566271342,-1.8460241612662414,-0.09170602414512598,-1.6270049208667487,-1.0034389034995035,-4.1691699171135985
0.7746340534293368,1.543691199092903,0.19894814679649453,0.44642559857839137,-0.8877695115385407,2.0225902305694814,-0.3313522990878492,3.947983410315361
-0.926930471578083,-1.7980282519039936,0.4367385517335095,0.30176875412439685,0.9976320769202445,1.2525407310292307,1.4164117917002925,-0.9154974850492202
-0.05952535606180008,-0.11145017298235901,0.40429475496169764,0.33263635342001296,-0.2867942357382693,-0.7790194215199856,0.7732399866657592,0.6359536589968909
-3.2412673400690726,-6.4286590808935085,1.235782191822154,0.80770287845897,0.7595148874861078,0.27242139665360987,-0.15783750984025996,-7.0589445216103135
-1.0243876413342898,-2.1408426419765165,-1.0710536796490489,-0.6222915746657501,-0.29175863225853715,0.417465089821295,0.308292063638821,-4.535621483618564
-0.2525681513931603,-0.4882002203827128,0.6802161054504494,0.6772562490987153,-0.059826143529903696,1.1910858547734768,-0.6003856928711058,0.5291580043143645
-1.2477831819648495,-2.636937813620197,1.192507512477975,1.3422494972751298,0.4935602043342916,-0.8186050266600786,0.13965368956535082,-1.686646556338451
1.6324113039316352,3.2537000017284003,-1.7785875840065168,-1.5985346826411613,0.2908970575900059,1.092106783982426,0.07333674477813668,1.7770536192853137
-1.4301413779606327,-2.9506735200677445,0.31965182591897723,0.18011988093153836,-1.9955317804517385,-0.5479053042069351,0.9687698956813533,-3.611900859002109
-0.44004448669698376,-0.9536419676529442,-0.5041798310076715,-0.3570546803010227,-1.1212437400943918,-1.3358624041686133,0.9671781224389495,-2.236995897283664
0.13074057728609134,0.38509047209322644,-0.08152267310164589,0.06407976906383742,0.9294099847908155,0.7241365593144973,0.4939773822056448,-0.1879592858790005
1.4412732890661155,2.991677590191658,0.34767648353833636,0.2350076593211426,-0.13213658890154725,1.2907584241224281,-0.36234755754610226,4.160336760093321
-1.4358621511794394,-2.810810490268161,-0.4872285641135523,-0.564375069381582,-0.5237313027714218,2.5879089735306846,0.7418222943901266,-5.163972376825873
1.1631637521549596,2.2170962278426614,-0.6757080791616118,-0.36428495754457524,-1.3585740152574743,-1.1997252650902135,-0.0919684662030466,2.590556118888755
0.010233061019587049,-0.011174722930306094,0.0341524174880246,0.17154900649953603,-1.0797363212758484,0.6989196850807888,-1.081914368713133,-0.013899356503210572
-0.9815086510479509,-1.8417075320979834,-1.0872459388628026,-1.053051571202987,-2.0217986399619474,-0.40980124379353305,-0.40328779191093866,-4.400803071090024
0.46210347426327075,0.9383786398905319,-1.0858251288851855,-0.5975715428870493,-0.10128071870153288,0.7833587105240313,0.08452698378432454,-1.1372979976883308
0.19905969557347003,0.6300523451451094,0.6793732829565033,0.7775383682045235,-0.5984375805810469,-1.4704895512312506,0.9102157836647453,1.4285734251504567
-0.6002168771587947,-1.1611019703781522,-1.148794035158656,-0.8921759286773664,-0.9665878909853152,-1.262769775698564,-0.18352817215715306,-4.131853855391762
0.06980208499001891,0.158809081629041,0.6663125009092119,0.5489695732025768,-0.0681234251679531,-0.7758748231664838,-1.209198711239606,1.5007349691128353
-0.3853135968617602,-0.8015388401437705,0.4625912928539512,0.4808845885063424,0.3639706308527381,0.07896404566808451,0.05674168329681941,0.1542261607902331
0.11351734525124804,0.2403887809807243,-1.7258067287905967,-1.552985997083729,2.0931979322099448,-0.6410812665383554,0.11345604005655238,-3.4985428338594415
0.6621306745210467,1.309014365404039,-0.6775646523356551,-0.5360454260357077,-1.5118834195632136,0.6590543439134197,0.18583762890275304,1.3153098372992789
1.586016816145352,3.2428444999595634,1.1941094030473725,0.524810813516062,1.159381043300522,1.0268946182579144,0.9198715159544302,8.129727735784927
-1.237815498826849,-2.3799607659742397,-0.9811655311396816,-0.6096412958111582,0.973101561015072,0.5995775412453558,1.0189232400898984,-5.695349572244082
2.1330333746562666,4.187467803261739,-0.46440426230938764,-0.6838220543358821,-0.7790927393767005,1.618787639660868,-0.5942108723816666,6.095146809442184
-1.9520877995225019,-4.037298894400782,0.4620608932518965,0.6703326802873171,0.20323595458603103,0.415826629455343,-0.6161434580489434,-5.4603901473763425
-0.15178509503558332,-0.4871907273814963,0.7833905092825955,0.5606883886327862,-0.45763324933761523,-1.216896710340167,-1.0401987109554731,1.6490365040493988
0.5883172064845765,1.2274335456604075,-0.2515388860444957,-0.24356450522183196,0.18568858041873892,1.3633765135383398,0.6988156702804763,1.7855120516444694
0.28099186773503265,0.45164707485267797,-0.5975101946916416,-0.6035549369702145,1.5091310134045506,-0.6051562356059974,1.4488201083377155,0.07967385391675408
-0.6226995198205938,-1.460688098936436,1.4223698616985077,1.080288114574391,0.605606232631313,0.91041849968557,-0.3150819279089234,0.9688596195000869
-0.20812225035727522,-0.377386640261454,1.7388996637975789,1.6748260000676705,0.508608373233442,1.5737342165551063,-0.2414305647249931,1.3763081059023163
-0.4930009346588328,-0.7367019175743865,0.9788580507817954,0.2855247093184205,-0.4303093199546424,0.45668801073039916,1.466782556898976,0.1578497257610278
-0.5893647569442115,-1.1793366050424123,0.08531814256502405,0.3236475912696568,-1.4840566649243352,-1.4961588131646497,0.5055578532150077,-1.9104159945448875
0.8496020970210246,1.7830532714872134,-0.8082657216409264,-0.5790078810923995,-0.2084682105404079,-0.9182121665097915,0.43623570480105506,0.4431473787509826
0.35701548596504734,0.7222139077848512,-0.8304444065565653,-0.9057598548166953,1.2066081548639151,1.3227444668851356,-1.1909165059737268,-0.5287208529444555
-0.6929095952606542,-1.3957081558404227,0.5225141052657575,0.20294880560275844,-1.5271678565896476,-0.16912268564281638,0.678728069279419,-1.243182298011065
0.8995998754332507,1.8911073991652783,0.4183982208886837,0.6699971821525876,-1.055089368176695,0.07957353494216583,-0.9291363405097582,3.123290063194609
0.30729952087660933,0.5855715873343535,1.4015985929464294,0.9321774983685973,0.12626773623406817,0.7588244161636093,-1.1340201859349581,3.195695674398777
0.8128621188389601,1.6524634690851105,0.6504500925361392,0.28968997190971946,-0.9846547848472624,0.6963228620803235,-0.34677157676671216,3.3817300488465443
0.6296288419236122,1.2914274644668258,-1.503080301759818,-0.9750013329349088,-0.7925234471152126,0.2787998123854607,-0.5857927234486902,-0.5565244718238351
-0.8289950109220723,-1.7247990672084494,1.0519476177229186,0.9092686694355178,-0.4235985817281771,-0.20866837122046583,-0.22159969438503932,-0.713602324634127
-0.5601810401969696,-1.0211578454402868,-0.9980606273144129,-0.9860336171588102,-1.3656174041901494,-0.3126684457323573,-1.4409816345249187,-3.934133728436371
0.7472936051232618,1.4770912345769829,-0.3839712719523516,-0.2638520224809575,-0.9741218462163683,0.857898825291343,0.9588163064676725,1.2455894639534593
0.6103702654334648,1.1451660149176452,0.2502002062516945,-0.004990371726699888,0.7034279167873088,0.5535695310677933,1.127686294516429,2.501007965708493
-0.020901593964148132,0.01184779642874409,1.9956674897839644,1.8166982715116926,-1.307369782230964,-0.2573000006177896,-1.9473424741408143,4.1567549419397505
0.117327383308782,0.14480796843846025,3.109918556005361,2.7002090377789156,-1.5978721344948377,1.0821123129931407,0.9784578056665502,5.049490992315486
1.277664895788425,2.5581479073137627,0.6067230591361827,0.5917796870733348,-0.6300249795338944,-0.12903411512978377,-0.8105286298216263,5.557258412551445
-0.5915713888358299,-1.1840546773360803,-0.18319661872038787,-0.07422508272690696,0.7319555025098458,-0.8516621743343933,0.8569755369827861,-1.4229233868263889
0.5470973811700379,1.2027843189232337,0.5345056484805503,0.779842143757915,-0.19692180799688955,-0.7589706989033448,-0.06844649266641564,2.18521017179038
-0.20219265243389406,-0.35691548157979286,0.8876554258738361,0.710061606176714,-0.46458107811561833,-0.978740836309766,0.028775564080998586,0.6825837720785727
-0.2176812032272203,-0.437865102328955,-0.3206676255571917,-0.4929089255299136,0.04435879751560705,-0.2724100166036872,-0.1850976494212187,-1.51950555468518
1.09877685198719,2.279330333894409,1.7952113559123222,1.5260638672963192,-1.745707432859652,1.233724278336193,1.2121292042334861,6.508751258057913
0.8254163489880298,1.789853452877791,0.23007075919140207,0.6012660172605444,0.49470565377503245,-0.8050951810305088,-1.2395880125250283,3.048354002320197
0.8135096360006385,1.6828003026364633,0.49774308909139425,0.19524257263594497,0.38343503140364416,0.1884757610181029,0.6078403387350085,2.462752443005272
1.305478807154329,2.6119928762929963,0.6659242520544614,0.460446848304772,-0.40930847409572124,-0.6566893456274132,1.1013301648895504,4.68932112155354
0.02100384163275905,-0.08917593996949785,0.4215866106144557,0.4205584961118551,1.0059245117964166,-0.26030904127143756,0.7163400805404107,1.6757833462146423
0.6819529712949639,1.2573945762823906,0.8389405004696122,0.660371430574542,-1.1274960989530387,-1.5100412119852522,2.3246989143234176,3.259629931150107
-0.31026675659345604,-0.6510559836223788,-0.6172531865469232,-0.6902632653130015,1.127908993253569,-0.2205382291565374,-0.5289467627246989,-1.543592503822752
0.3241663524884421,0.5873814847609559,-0.5583017539460305,-0.22226983191073024,0.15449366559525113,-0.19370537980496205,0.9573048225935312,0.03356464736833362
-0.13014305436768459,-0.27898323903391375,-1.100154232971695,-0.4161152419739041,-0.3365525898781734,0.5402879440356954,-0.10609063534142033,-3.4953714863405727
0.09699596499271819,0.1996569224751471,0.4395012306202264,0.39082727630096264,-0.01987363536831157,0.22328091325537056,1.2334060763526695,1.4876549538267105
0.5951570254369136,1.2432833263095002,0.7789365035121141,0.44233554486249127,-0.10726476581094174,-1.1983921249520453,-0.007688995721369474,3.2845104322385428
-0.8182206832334725,-1.6434912442728542,0.4577728661518858,0.05642618791081361,1.220282896417717,1.0841982440435427,-0.38787578186246957,-1.766849845521516
2.0923872756854602,4.23342471575354,1.6744924333475373,1.3911891429222663,-1.0766791274710135,0.21030304022199536,1.306072203871629,9.748625240337457
-1.006017381499702,-2.005587321518392,-0.005596018829046555,0.2162986536000143,-0.7625192391465982,0.19839351717748668,-0.49156193901893,-2.791927439373803
-1.2141886127877322,-2.6259238822108513,0.6687416555925126,0.6300268737730865,1.0363028920724797,-0.009182353385138937,-1.4127257589005562,-1.951286616190861
1.1581108735000678,2.22228820761826,-1.0917008761393143,-0.8738414690952222,-0.5955349351838592,-0.5177574472222197,-0.5168468831738285,1.880057291995576
0.7916626939629359,1.5689166323537103,-0.387099702474401,-0.4275340923373821,0.9005330773315916,0.2178023397487261,0.6190329465885325,1.8048566333291842
0.6241198170521551,1.1272701598201995,0.6955377575657775,0.3379974795090041,1.6994359830087096,0.4755884359285824,1.3920387515870913,2.5756179218948394
0.6283455092642799,1.3166838915281802,0.849102110743144,0.8462319538594917,-0.40179502694163366,-1.746895691345555,0.11112937529651211,3.346418020453532
-0.012246772846914623,0.1285815375405405,-0.29396694766418224,-0.05241923385422867,0.6813623265753054,-0.5387608373460957,1.3181970672340253,0.8468499537652023
-0.8972543714858315,-1.6726325578019314,-0.07159925185806683,-0.36642535882460014,-1.1536922813398585,-0.2549469704035893,-1.3581749214775936,-2.4727160879827643
0.07580455819372633,0.13026482929443187,-1.5178737466808094,-0.8963312017085108,0.7547332980678092,0.25617060569427813,-0.4432634648179029,-1.6236901683746916
-0.6771617115121117,-1.2052508093392282,-0.3570292008066094,-0.17080911646648728,0.1994239859867671,1.193311005927126,-0.28857511715410117,-2.047826495049961
0.9751197334177512,1.9651062125557135,0.8903831635197862,0.9922254598449877,0.4730382821602152,-0.7717408145967823,-0.11455942747251965,4.827026563070699
-0.14705738150213865,-0.32782336011608126,0.5752050161065663,0.19173846318823,-0.645572072035395,-0.497961846817842,0.08409438825019651,0.8599414225972752
-0.8254971967925115,-1.7123346599391172,0.5006657213812097,0.12736774602187995,-1.6610834155671725,-0.5125341106465501,0.6909109573921928,-1.493450167553538
-0.32138584165299344,-0.6730186519547997,0.04977368718096008,0.01002508779130868,0.5032520647495048,-0.8015275901045416,-0.44480683817049027,-1.7335124585203099
0.41293145427562433,0.7870452266971257,0.007063158628176452,0.10620741228158,-2.0634031524794545,-0.34718649511226246,0.1390286869531256,1.261944306317338
-0.5637245528039747,-1.1104074833704007,-0.6603211394734471,-0.1689847469933649,-0.3173504922425348,0.7708022199879712,-0.04512289032405165,-2.40647866108772
-0.8222203955664315,-1.6283833930278764,0.6988284202025348,0.7002785189250542,0.9411818664199697,-1.0538354953643456,-0.9258899038911499,-1.3688243437048269
0.2436872114919123,0.48767902499916604,0.4209729443893898,0.2882421001491052,0.19189773587303607,0.4278143951529032,-0.11366668908143539,1.7789840227854214
0.24496657110872277,0.5336269591920806,0.49201884799279927,0.188341236861061,1.9483426447898131,-1.7019022300183355,-0.14365952989711814,2.1447329322583655
-0.5069431753711298,-0.8948217232636254,-0.5260348426675804,-0.17482775959023428,1.0251091525817735,-0.5613379964422059,-0.1650805650030461,-3.0277394311047874
-0.4710383056183228,-0.8471211976925132,-2.1533429198712444,-1.9156154210471386,-0.6538983883255765,-0.32948930021798606,0.03175945658145075,-5.9454521887692895
0.2320499373576363,0.3156100778702822,1.0971527117536957,1.2034158803574209,0.02731337985143867,1.6748596729140648,0.07567354061338613,2.381499490341721
-1.4480843414973241,-3.1515607964848438,-0.47883745600840416,-0.43994689472802523,-0.04737070254443595,-0.274802304752688,-0.43229517910733023,-5.713010739853484
-1.4074637743765552,-2.7214955576291833,-0.8627757640431206,-0.3721041967109264,-1.5821767633461272,-2.2012434734509183,1.2727147339712648,-6.591745493042437
-0.718444221252436,-1.5735763123464142,0.6934789119139937,0.6905693875430508,-0.9403989164843533,-1.9988889068612499,-1.1694806292030167,-1.2185990706183343
-0.21344715171184725,-0.44937084361296287,-0.3920126399191296,-0.34100920982379535,-0.5607609069798603,0.03402958634668099,-0.7209701084698963,-0.7146388945748814
0.3109075655980046,0.5048038285900732,1.0599363840466218,0.7440698328720722,-2.0362205028559366,0.6137708557899086,2.779963624223556,2.594856950342111
1.475356216949552,2.770514390141102,0.6170059495766975,0.4254231841921421,0.047493468251642953,0.3754558576272528,-1.03799135498923,5.723310159532396
0.8576596232020194,1.7694655192245177,0.6835693232004776,0.6325187970354296,-0.24907184465304072,0.1675701058009903,-1.3537546747097586,3.6886831391715353
-0.1599385299634271,-0.24396154389658953,-1.3659557112005343,-1.0773332697168843,-1.6728939013115742,1.1622595975056669,0.7344767450012178,-2.6222940437728806
-0.01901620790268883,-0.0956834558780496,1.2119439853864005,0.8507929066953794,0.4042128652773321,-0.5395912207371316,-2.077119853773874,3.022420495366543
-1.0025293646378088,-2.264162958490109,0.26125053123385605,0.1758741429235584,0.7158727446909595,0.8949105560268252,-0.2352739099724389,-2.053052040376241
-0.01851313599238993,-0.09165071681002815,-0.36927713924620315,-0.2797063054531326,0.2270344788648889,-1.6320148850264173,2.1458249250764885,-0.6410264099181985
-0.2886586389201383,-0.538136877300022,0.14338846734225108,-0.3110360450091616,-0.3240681752089702,-0.9049478329380662,-1.5449359221534005,-0.6947287504963621
0.3227185603380895,0.4975459637987661,-1.77623523289832,-1.3293545633609163,0.5914421517518549,-1.8070413949318163,-1.9819644857387133,-3.1802521368779963
-0.827230943552323,-1.6361258951267303,0.40865281148067084,0.13097800424117534,0.6802203604766911,-0.27484530066979224,-1.4991812019576982,-0.6926227671345284
0.5193465142411723,1.037162043565045,-1.0293715081820716,-1.0541636871868063,0.3074035697196884,-0.04626121726634254,0.8983595683469856,-0.8805399825169031
1.5327389130025777,3.1234069759652643,-1.3526702858435344,-1.4196050980969697,-0.8246122504347609,0.11410149222651991,1.1247767199858125,2.224699340837085
-0.1087601484568576,-0.20556226007229986,-1.5223591862178911,-1.576665848547891,0.2766007655111807,0.06188335288713521,-0.5125887969785088,-2.841216031494657
0.40171172209894146,0.7061165501097274,1.1126883749899252,0.6190611993694823,1.195480650825479,-0.927553330811728,0.6832124040010689,3.1528716678240105
0.6901439917111125,1.4999451335886742,-0.6292633936927887,-0.6452149064803291,-0.5966290586117302,-0.19024084441321568,1.3902553275119895,1.3309114514057414
-0.40122047188583626,-0.8182939010743695,1.5337277099164992,1.617633995438513,2.0979393391324312,-1.4974466686057486,1.7873464144298254,2.245900605844917
0.22409248181041677,0.44545450966984035,-0.5358014630522978,-0.533817105620879,-0.5256309339853844,1.3632289751322504,-0.24633528117984818,0.46465643701753734
0.01259240078179486,-0.06814199434372989,-1.7073579575929467,-1.3303363448207512,0.032407013340136216,-0.303626072898001,-2.301471717669987,-3.6116119460538645
0.09767609854883172,0.15102397197851242,-1.1165244399486591,-0.8131232746576615,-0.6724855960063362,-0.4888861190436912,-0.8208789224096867,-2.5829525928906807
-0.7730097838554665,-1.634499839113623,1.2358116200069387,1.0148623332487208,0.22327083592026087,1.5889403284440828,-0.4268041949352576,-0.10015098927477778
0.024510174258942714,0.031725742525543124,-0.15589817793666752,-0.14020723449453276,-1.7422216926352752,-1.2422465335492292,-0.2589387965783906,-0.13383906182934102
0.49799829124544975,1.1671674305051338,-0.5482872964906009,-0.6776885899123297,-0.5460417988167212,-1.125587114031969,-0.1878594010087195,0.42652664429767567
1.4511436077950417,2.7650971012969476,0.1600182258527877,0.41820009033807254,-1.0921212003485672,-1.0962203248685651,1.1188945979306693,4.476748326953425
0.9592708260852069,1.7571855123827396,0.501782736167545,0.762865517661613,0.1353383478922909,-0.0678713816994819,1.2744284266875814,2.9267792211020893
2.1531824575115563,4.453481947772474,1.1173988159024608,0.5573873138974315,0.9944473755089074,0.4316316296375973,-0.17167365392478334,8.929586502404144
-0.7673475628880495,-1.5556274934912857,1.4484992298929262,0.9539936657370652,0.6460061871145515,0.7396754681178337,1.0984848760518187,1.581128010662804
0.8723206367206782,1.6777339995753646,-0.35976864578908574,-0.3437769851066699,-2.3716593608588923,2.571995317494969,0.3576613666310894,2.1295502376453648
0.18334200573835174,0.47067448021631114,-1.3260476860820383,-1.2537457078476688,2.0420696529278803,-2.2494324542007638,0.06450597286257172,-1.7975015954222646
2.1898029332176723,4.319044312461658,-0.413465161123276,-0.2295790182074478,0.2952799406208684,0.6087355891244169,0.9065441571099638,6.0287011304840155
-0.8082982853551515,-1.4339955993556093,0.26028050658288615,0.0625699647849863,-0.7764991404930003,-0.5571305725722312,0.07225204823791581,-1.705810507958482
-0.8397218421807761,-1.6116510972276252,-0.9637589262106109,-0.3379959274071683,0.15712791899094083,-0.5864151488887734,2.0578111770977623,-3.9808503955295023
-0.5993926454440222,-1.2475764317026146,-0.9571509148950429,-0.5276110130473152,0.17618982250269238,-0.6197721282538776,-1.4384111667945592,-3.5147929255293198
-2.123895724309807,-4.032060627293063,0.34378788154988543,0.31754511136635133,-0.6668487169515637,-0.9087696708079733,-0.5151708990920177,-5.840449994656288
-0.525755021680761,-1.1120815356618559,-0.04865235157045115,0.16647537140758553,0.1979166673420755,1.6845248346034518,-0.1265188969539503,-2.0725642231875625
-0.759132661553698,-1.4440557859064653,0.03279699541158651,0.247417681200731,-0.6074722876203072,0.8422973270139027,0.43945269045799057,-2.3362908214782583
0.15039378647620763,0.3307168309930645,-0.7584953347000695,-0.7195857653717043,-0.40436199269002276,0.023195978557374822,1.267960487103089,-0.908744561746183
0.34175597577715944,0.8136860804941987,-0.23040071420576733,-0.3475640202730068,-0.6862791357550845,1.3510157524870003,-0.02439856723615665,0.4064250183584568
1.8761708392158862,3.908492798104458,-0.9242331442683044,-0.7237579028207141,-1.4326712897396527,-1.5125289652988756,-1.4222296495062072,3.937215570676765
0.9504238381860503,1.9040480912786772,0.8901984111247868,0.8844859537994183,0.1458364702153839,-1.3307051313309262,0.8425138964550043,4.851243403657933
-0.5769036556624031,-1.2291490983594247,1.0352493347237526,0.8560115475096857,0.5852994365163381,-2.1779677321946878,0.7549587661419644,0.7563774180953868
-0.898414671348358,-1.7508321284028043,-1.8461878622380938,-1.7923495862286747,0.5148835960763722,-0.6994145401232875,-1.941858659379406,-5.746222254101771
0.4919191715065057,0.9160668060378008,-0.92951086019241,-0.9041735769440966,0.8199252526352343,0.1616985267047529,-0.0038041336707993834,-0.3442604966258741
-1.3202332070206422,-2.4391276892886222,-1.496529255090079,-1.212017976790939,0.3243402100148682,0.10285857793233408,-1.590141830680298,-7.607646413815915
1.8314587658543537,3.676571064816981,-0.6500239344068982,-0.5351522683906846,-0.5327254982169035,0.14934191105988046,-0.6646510975020625,4.02177638033967
1.179440120721287,2.3223480863113632,-0.08343796979036086,0.32775805952567294,0.8396638644311888,-1.4110568310660818,-0.9028089269627998,3.393475706286439
-0.4691756521047048,-0.9198832736229188,-1.44964521969853,-1.4369137642386238,-1.357517539841935,0.803154742614022,0.8092646982419858,-5.22470177379972
-1.7131345290908775,-3.5609816871347246,-0.9218598131253132,-0.6363700021330756,-0.9006713825124801,0.23962751823899794,0.11683017417218379,-6.288790953472017
1.3538723741654128,2.6105833444797604,-1.0039573720814985,-0.5053432759995409,-0.9642000714232447,0.7330542814659985,-1.2855910007560276,2.124891334588475
-0.11453984525261789,-0.10903829971079324,0.20726732939894396,0.6201038126037144,1.0800560591393102,-1.8927621775900518,0.8800659629573423,0.26159154033017673
1.2378163119734618,2.409943196049784,0.06934433703625043,-0.025404015007791915,0.9427885141400756,0.31149085879778987,-1.4338058239284144,4.534900841256019
-1.594427658794367,-3.293546415856928,-0.7217375533372533,-0.4791041521257627,0.48730523704499484,-1.187765239917527,0.33011379047094364,-6.541829498128782
-0.5993750229537729,-1.145084770654817,0.17682087213939798,0.25540876915124777,1.0719298652117972,-0.39732325255136186,-0.8140106692915557,-1.1574623591405075
0.005243699718183166,0.12905781490266605,-0.5466800845872654,-0.39824772135915415,-0.8792827824119881,0.5343648986363834,-0.3656770825305199,-1.1325611315709492
0.046980593764742055,0.1658565185959908,-0.2716551103260533,-0.23709312850870384,0.3485951198609804,0.09109360625591317,0.504270748038384,-0.49441187286584004
-0.45006547147924364,-0.8005261743779056,1.673452090298537,1.425956750138839,-0.12517442838316423,-0.8515399797793188,0.521449399059529,1.6106115722571535
0.6228499323474987,1.1700203558380515,1.340461051790348,0.5659196243883412,0.8468821038849139,0.006273156184418285,1.3369690735559603,5.382273507466456
-1.0676204293825944,-2.277421925439373,-1.2995812369275976,-0.903251091529552,-0.11522423255219759,-1.531535315243643,-0.08225369967145317,-5.989773782040763
-0.1423794850212935,-0.1346256048470383,0.8297324178791745,0.6890215150357331,-0.3849428884100812,1.150267395898296,0.3064508629633407,1.5820585041423194
0.12029563171189886,0.20832327953958413,0.8113965544915921,0.6046222642376207,0.54090851856099,-0.20528401949625125,-0.4377373224043246,1.0461763103829127
0.514438834058749,1.0037943664719933,-1.1482632887526183,-0.5092381918581832,0.8761691671912328,1.118549944255326,0.18198988262279764,-0.16321581048409617
0.7116148780888898,1.5560491703626853,0.8187776437548606,0.5200353112457781,-0.6683451948468017,-0.526531687096043,0.4394860480085117,4.298505499754921
-1.1246420918378692,-2.1936611827356725,1.5379319184125528,1.1497303369170362,-0.0610756713523761,-0.5235759884065829,-0.09830984745437601,-0.24934538353985028
-1.5341141707356223,-3.0226395642630837,-1.1225448062444139,-0.4997251845545843,-1.0584406336416528,-0.7641867866378464,-1.8037504840924963,-6.960903357764657
1.277676821898509,2.7718538782871267,-0.9175028210142636,-0.9004145177813823,-2.4980610174929394,0.8761739316930753,0.3314708963308953,2.1980248264737834
0.33231401197959165,0.600276200921169,1.0176614668435024,0.7041061168874941,0.200459631413729,-0.7094311573284758,0.364561477355457,4.176660300065924
-0.7484865365565536,-1.4041890603049836,0.271495310825648,0.1877911639743484,0.6089053562546319,0.6445954324151765,-0.6801734763479509,-2.5840873374701077
1.551151975522523,3.1080052635347544,0.5514762752395233,0.6093279166175285,0.2620668090867255,-0.38245239766929023,-1.2843870360725143,6.1474221708336785
0.11567463429285867,0.258208496472043,0.3405892164004968,0.31403187459106013,-1.9495617177543672,-1.9759632998916197,1.4758791505039655,0.5723936846026183
1.1792971840638264,2.511441210768906,0.39069592092814415,0.05403166731206277,-0.35084943007647457,-0.5703140677864661,0.491445510894402,4.309324195897902
0.06751848141010895,0.18582053844918028,-1.326472128311083,-1.1676114152743045,-2.2183477600510813,-1.1791082143628482,-0.2290810309217097,-2.5743288719311703
2.060747924881987,4.175325457668937,1.0473177066214483,0.7163832786547164,1.3697011076541847,0.03390272368233751,-1.1370328831474874,8.06272005898998
1.7553408424432044,3.617932418617389,1.1695899924277735,0.9202277848976098,-1.086054582118086,-1.1904077356744902,-0.8218148284213459,7.599969947658796
-0.2489641484790735,-0.5344235699124356,-0.22939074406802776,-0.09834386352845638,1.2554036094598964,0.9259751007146168,1.3025903967862316,-1.7727595062121713
0.9715709509543554,1.8592209351748101,-0.04347694981386243,0.04885959132650448,0.9458696436841456,-0.09107586035302723,0.1376619408680461,3.3423491712993245
0.6453759495851475,1.1862709797681918,-1.5311075025557221,-1.5800883528542582,-0.9005903525360617,-0.17759599475873897,-0.5505870670007066,-2.023158911955302
1.3686315575323487,2.540627456127097,0.5142547560178349,0.6241920023264391,-1.132784951267745,0.6558921377875826,0.5096892312246561,5.404286441046886
-0.9649234605801045,-1.7242262081661768,0.5720574417141441,0.50815972257064,0.35037021638633825,0.9639069340758625,-0.8143981874463238,-1.9139234245793109
0.6860514599984393,1.2617820834247102,-0.062191016999311004,0.22715359591933246,-0.844324037183071,-0.020098751769651646,1.5008430302803784,1.3483098990929692
1.0584244868495878,2.0947236113405983,1.1243533598705027,0.9883223533545366,0.10248464215820753,-0.7712002995492906,1.3528005348967251,5.525171865589117
-1.7587394864231143,-3.5451603028351206,-0.3340772309799405,-0.04699719323679996,-0.48282759080691834,-1.7739696161121294,-0.4665740712027766,-6.722848464582463
-1.183258512665775,-2.33577635555064,0.5646059258936003,0.5449938030049056,-1.7811584144656334,-0.68604975703518,-0.6286702470308604,-2.4007067753503075
-2.0392321777601006,-3.9968906342662716,-1.0196643386921156,-0.5464863197131429,-2.230468019124459,-0.6172122466479616,-2.61813319869228,-8.86846366457031
-0.26940683444455776,-0.452766320053141,-0.02355215087423812,0.08560840650416522,0.22668424849459717,0.10705745299229676,-1.481580771551368,-0.624688762923234
0.7175422557959623,1.3767767677350309,-0.17435425790283585,-0.1590664556108495,-0.5615577463306254,-0.34514688113802716,-1.3394697749577562,1.3417395847670277
1.502357052096028,2.988001932813415,0.22530792204094158,0.6347332817221296,-0.5530898169141323,0.6879329720514281,0.1351903409873859,4.732189991855313
0.07409478041977519,0.17644755588838035,-0.3695269288333586,-0.11781411861070845,0.6958638390937854,-0.6129832712706895,-0.3262337044413596,-0.3697948224358104
1.6286155455712918,3.232361978524229,-0.1314725956716678,0.009570807663548397,1.1734422766324448,-0.05704116685294176,-1.3453354874152414,4.236630389449421
-1.3801014582148914,-2.5994683588277834,0.8260471714415063,0.4055768538455378,-0.2725447213618092,1.1839874431968893,-0.2811640424645573,-2.5171920315958127
-1.7033824393551547,-3.357667383546484,-0.43676423723821745,-0.6070729132832815,-0.3405987069098615,0.3418252139549665,0.5053371476473485,-6.740591043164326
-0.05554769889661878,-0.03760761918825581,-1.6065771007386793,-1.226718584162573,0.5001430331138838,-0.06003754168856451,0.5278393499155871,-3.064359496369137
0.3840654489393073,0.8344190247453558,1.7495839042054206,1.4287713629179848,-1.3569355696995753,-0.601944441935177,-1.8996702808588812,5.533821058004149
-0.03269474809409311,0.051957889560346276,1.3814540786904865,0.9823387499507261,0.223153054747697,-0.6332313967149771,-0.12826348048383082,4.060928347053674
-2.0674421000398766,-4.1167820442093825,-1.2922626951056186,-1.005613616162083,0.551885971822154,-0.8506132529519478,-1.3833407769716104,-8.741267616997646
-0.08912003951278841,-0.30792327382116147,0.6897078052451944,0.8694916298048747,0.6802302084176292,-0.5410068657828994,0.9017286971402739,1.506157562350617
-1.3044695005048532,-2.568970205834442,-0.5029747705513431,-0.26329932153101476,-1.936752702502465,0.7556658387443146,0.7841464163534985,-5.80967087907099
0.6696725488300385,1.274209408280894,0.26348721533105957,-0.017411929685700017,-0.7613552698089406,-0.2218882712922687,-0.8980272263244584,3.2873592403050282
0.36659824609684827,0.6803348240187208,0.2942241290134937,0.21307753778220623,-0.8782632528234666,-1.349773069381231,-0.7660452024003999,2.076357248679585
-0.9398797863273552,-1.8211231707792013,-0.234407800316322,-0.3485195364235698,0.09988695440921298,1.7681692930597834,-0.46126705049830724,-3.530421682090326
-0.5138669173366935,-0.9039055275300235,-0.7837656655863965,-0.7045525157508294,0.48074457976798396,0.31996519114516303,-2.252793394731339,-2.4905416830383693
-1.0592135218889516,-2.1162998861042968,-0.6905410523162594,-0.6351559749789362,1.4967104074459814,-1.4069434005131694,0.3359681734405766,-4.685960708622044
-0.06267909727317188,-0.09447489328644737,-0.9161919154812425,-0.828482648905795,-0.4949654803680731,-0.44184892724082386,-0.2728445463401307,-2.2494337142892786
0.9551423205012383,2.0805061354660004,-0.8318222082304447,-0.9164848409790348,-0.49757249830921385,0.11088638282841785,0.9701750825678591,1.4394500077565708
-0.9857260463355437,-1.9473767747222306,-0.06717829004935526,-0.07927356834312223,1.149672018878747,1.704592093297377,-1.0984092179625526,-3.6232119690205007
0.5040465155178444,1.2682613424537283,-0.7157599891107518,-0.6847295186580634,0.2965769385303051,-1.1081124582588693,-0.6191229482499316,0.5914319505320037
-0.5302576183724408,-1.0039642721817272,0.6820520657126199,-0.04024808543035774,1.2676515111879738,0.9760407193559466,-1.5065252580391153,-0.7546636296555043
-0.7928728322623442,-1.7618219404402702,1.4872461553359273,1.6003913291690743,0.2887280030098363,1.399486426972343,-1.0042905634942532,0.07084641897322919
-0.10703035995455783,-0.1387265577986624,-0.580053241370043,-0.2462886622527,-1.1571166187132709,-0.6286543050745702,-1.181981996068219,-1.9360424568079266
-1.035242322419374,-2.0323688063504703,0.23940450053537707,0.11626345544330244,-1.3331283547778066,-0.27751361886023346,0.9959736788464457,-2.247167947429307
-0.553649305347182,-0.9783233352860895,0.49968511030293383,0.4035118981904668,-1.551512249058929,-1.0363092473737703,-0.6982618487513923,-0.9699653761955322
-1.1978778925888485,-2.328437650050701,0.4720022709192744,0.14327094727190717,0.6620518347584732,-0.20346114108030489,0.12417568474461345,-3.323627028111581
1.9647251329163893,3.915604667434401,0.07595526791608741,0.399908789895043,1.188596823087008,-0.03658997434293117,-0.3807634038618044,5.7432459346134435
0.03526355197172861,-0.051902719685479354,0.7426824183597224,0.9736036736424002,1.849362141386381,0.6596499980823705,-1.269465266012813,1.575134307294387
-0.6997255079925856,-1.4203533417137737,0.4822489526806572,0.41713790779383075,0.8431053323232401,1.0901834710204468,-0.1683004231716427,-1.725164860448635
0.213979910734222,0.342907776047514,-1.2376624223272978,-0.7854238090247694,1.1628385775349859,-0.7480960646216471,0.5991033318635947,-2.4092256669691015
-0.11232804969082982,-0.28270844436213194,0.8691560643892732,0.7303822072982034,-0.5800163326536847,-1.9673250642259945,-1.2077593925433523,2.4569761467558493
-0.22096959953322298,-0.38308135862438497,0.8872908372667421,0.44248758203820754,-1.1564158167438567,-0.021244779276242128,0.8091127907313788,0.6813901740268717
0.6141667000434252,1.3953238505219911,-0.7632861041785816,-0.6929935571355967,0.8500793324175533,0.2935375299686405,-0.8497209214776963,0.15440670738660914
0.7575077100473051,1.5544825730769083,0.03793783544760203,0.05673586171247304,0.41768075223940065,0.24941768768504166,-0.48298392607284074,2.1647803006374766
-0.5305011476105275,-1.1805906014245733,0.6833289928110694,0.4557536505001667,0.10744437434089255,-0.326673247509044,0.5306831230100478,-0.43552386109466457
-0.57581824064468,-1.107176214467346,-0.20931381957936157,-0.21118171115049647,0.3873714806329899,0.1247520996639345,-0.663436157219488,-1.8354089911082119
-0.275051697151644,-0.4304402456387229,1.0729780477660118,0.8401025267109866,0.3231854824582059,1.5154448083522476,0.03757485933586561,1.794872479313116
-2.301921164735585,-4.664820619903108,2.3638724946193608,1.8749222961223966,1.2838168598535613,0.3817341689625093,-0.31469082878809246,-2.3309957207338288
-1.5151910621985523,-3.0437838410643963,-0.7859860326349823,-0.6183371280084893,1.2949855848169558,-0.3733684250030844,0.1293680067038185,-6.7357843951617955
1.3668742674445247,2.735217354361969,-1.3810446031537749,-1.31695669580234,0.544220352340347,-0.5001978170959958,-2.380739105523497,1.9757537099504763
1.6449677135012837,3.2114455956943435,0.30381859560487573,0.09965164665831333,0.8458028725629282,-0.16985235767773066,-1.829681815208083,5.4948697861152604
-0.24903603955637832,-0.4332440357283707,0.7215625051261435,0.320333150960921,0.5140625524247758,1.6367399618306397,0.6159670060468382,1.5611777990117364
0.5765569630557664,1.1410191112507546,-0.23086637384476896,0.01087001086142489,-0.4611697320346189,-0.1833007095261973,1.0371814056490503,0.14514519269518011
0.3112501545435361,0.664453553477775,1.4532606633210343,0.7414791422887625,0.7565646749131401,-0.01979434452070797,-0.9104867035315213,3.9379734009143372
3.0788808084552377,6.069012399130266,-1.3386057997232488,-0.8401665711152141,-1.3944950688592617,-0.48231357093630295,-0.24402835217113436,7.518733992857318
1.1195749114345768,2.1954039928368125,0.6929186230316111,0.8316047778778577,1.0538915522958832,1.0989833574419647,0.29471925290230155,4.567929912647874
-0.12791759148076653,-0.1835970471787559,-0.6058608207588934,-0.545124774003639,-1.194522939766035,1.959837254744675,0.6932176016587042,-1.7082211276274042
-0.9555404406004258,-1.9483641964100282,1.7193779062072967,0.8548749074003776,0.28580328679473294,0.4506130494313883,-2.0276772716708487,0.7198903364084852
-1.6064463202575725,-3.0401962553918045,1.9925153531681183,1.5217501701410365,-0.8451539584261589,0.08277290378542575,-0.8860402469783771,-1.1137061638789594
0.2034636358672231,0.36696365317298596,-0.7666565877833479,-0.6261621024844423,0.5533889830744267,0.03678283317423478,-0.33257937984987496,-1.0789582339913928
-0.7563507452843033,-1.490233017993418,-0.5495571359085801,-0.6417653527126468,-0.03392522592790888,-2.3843067887857456,0.7031401972360493,-3.5370740547657715
-1.4222537095976742,-2.7512483360080395,0.8595878869798019,0.584626630822193,-1.5947559581633324,0.7451508642848174,2.498430483721495,-2.861295722046605
-0.6465728842425266,-1.4349823417783563,-0.3871306497895146,-0.0036654800589414616,0.42069963101847885,0.13416641599584353,-0.22800572680971787,-2.099551677206329
-1.081548003614395,-2.3391768884268673,-0.04541121793223822,0.09665645811455761,-0.5779207768327106,0.42834205066072495,-1.4069774621039888,-3.1049274305594436
1.6871416350725648,3.22171763868812,0.02538842054241018,-0.16460208644169186,0.8811467208133691,-0.7114621940837048,0.40226807720129804,5.237515862354166
0.8816397569494505,1.8895379242416193,-1.9196731561976563,-1.8552583588772116,0.0013256887344072295,-0.38445687897709163,1.32099578954071,-0.7901415381019028
-0.007972641316617372,-0.07113109722247943,-0.01383774609423725,-0.07647366039734402,0.39542098538803816,-0.411024936503173,0.10801412097950092,-0.18377133274006008
1.4799441388900259,3.2157082063468767,-0.6897277740641738,-0.5944735751214267,-0.9575689550152119,1.0216229840730389,-0.9066485451542928,2.673274959365279
0.0773683076476183,0.09831185542949775,-0.493122822399772,-0.29525842044715433,-0.5893322314273619,-0.3787598366030933,0.957993941480019,-1.0554528741639677
-0.8612842013282637,-1.7041132723368235,1.4436320034688142,1.0478422602615194,-0.4586386361010845,2.0826603221097977,0.663545618498435,0.3043029235051419
1.5231240772696573,3.200459149796102,-1.2565068942792563,-0.902905600351033,0.8567024802425557,0.4308624190150374,-1.0260808441956244,1.526752589064008
0.5389100436846587,1.2784293761852297,0.8132051867479773,1.0375949574104277,1.6773770878054892,-1.2756826599957316,0.38142561753434195,2.993009996256593
-1.0372461543264564,-1.868341950989273,-0.2789629303318085,-0.060070139776594283,-0.8051717517428763,-0.12854629325195685,0.9972655676588726,-3.9277226445787035
-0.1903386780836082,-0.2598407331079021,-0.2797601684958344,-0.23342583626282204,1.0768481446576803,-0.6516751221564157,1.1818900425588936,-0.06825825632798654
-0.8756182533847572,-1.6488302541883681,0.7903718960517113,0.5956674226307102,-2.169677417725702,-2.1943824698200243,-0.06644897530945597,-2.4330184380178075
-1.382799730964336,-2.706346767008554,0.34005129456889044,0.2007064088191381,-1.1941894010922893,1.5994709401137894,-0.35807944617931886,-3.5581064644580436
0.9261775475316414,1.9301912026799466,0.570612997219531,0.6926185802660537,-0.9587784561867748,0.7031425422200039,1.2272738220812627,4.782605533441371
1.9094166404701305,3.7637147093074077,0.9681846605328611,0.6490850392360283,-1.3525086894407223,0.5332073178993125,-1.210160502980885,7.725541474542341
-1.3985675738191412,-2.878955035980513,-0.33130838318332273,-0.25600216474666165,-1.58358838978758,0.16540366029970424,0.4385792909210054,-4.481610751113522
0.5629692366905709,1.1256010276400465,-0.6122367345077503,-0.4795498072299832,0.41299891213779755,-1.3820175686924376,-1.3700266273644293,0.5143473986060958
-0.6506425691218269,-1.3183036004961468,-1.085150526557798,-0.9684772598085449,-0.21406769772786138,-0.4836171395554367,1.0653762722596027,-4.455895451089317
-0.48712538376469605,-1.0195735724621195,-0.8254105299789551,-0.9348215335599843,0.3794053976051097,0.8417807747840127,-0.2580455156111615,-4.233155178506455
-0.5923939242388692,-1.1151491037320669,2.9490944253087252,2.423870440970514,0.690472686121513,-1.0512200297825027,1.2685832356474693,4.223734921418994
-0.863990769679816,-1.632451018502581,1.2446795807367868,0.9835428702183527,0.26561699317253346,-2.5317693162508137,0.491412756355527,-0.49041644986707006
0.04852162794482699,0.10588394451883872,-1.3510743662080213,-0.9808113990791031,0.6577631761503737,-0.22710600778092602,-1.22322023006193,-2.9567515516642136
-0.8309501164110378,-1.5141472247165493,-1.3224579567435701,-1.1646864266826895,-0.06953228624226938,-0.1417575540275386,1.4246277320772434,-5.387259890709809
0.2704568257798388,0.42674474014632713,0.4818660617184915,0.6296571091374028,-1.1869933883057446,0.13556341641470915,1.5512452664277294,2.6475333040882463
-0.05023810944913695,-0.11984216482624571,0.547264797377967,0.26245708166000464,1.0578141808207961,0.7285186435145362,0.8822864925992157,2.1462340375355096
-0.23894804686640975,-0.5495783257931,0.5488838353173644,0.7815151250574701,-0.589112132781127,0.6376058122312086,-0.7615878650362199,0.48952749879970003
-0.9075636620415979,-2.001780985790502,-0.25495579355369785,-0.5534919368086106,-0.9355962987624259,0.2587698052439216,-0.30601395435740886,-3.464986185188053
-0.5767713305683327,-1.1618107297209355,-0.12545426000290022,-0.013409395090941953,-0.17791787580439816,1.1955313880867093,0.1454272174057594,-2.569835720436404
0.755391225825756,1.4986077008131837,0.3278795241593574,0.35738975583281063,-0.912810919296513,-1.5189697808133147,-0.7037103993314333,3.1562028065690177
0.5009171876243808,1.1531793495729747,0.08589300629333041,-0.09039700855351215,-0.4174303819894322,0.5045818144773903,1.6923465724632047,2.565990375492375
-0.977555244798551,-1.8920293211416244,-2.219300372747535,-1.6905615106258256,0.3440539215634665,0.6265383633369425,0.14432647172603683,-7.494936673403301
0.09933230542922587,0.09624592842553124,-0.22979963057519381,0.07206402949187668,0.3483417392461269,-1.2395622860802396,-2.703348047107357,-1.351100365239322
0.751387123371789,1.688183503376997,-0.8514064342603136,-1.1244889152790638,-0.8978300664256293,-1.5028706086823893,0.33935581275622034,0.8863733375025018
-1.6694052811213718,-3.216707192690208,0.17521141890851205,0.24071809662497257,-0.4877053729487446,-0.7459421264756013,-0.34815739681731317,-4.1650931498220665
0.543360192379935,1.1449301551067317,2.98525900260341,1.8895530380167127,1.0743330047702437,-0.6615414425152919,-0.07492655611844788,6.807675762153702
-0.6626237589458467,-1.3478959277766767,0.3674816654743044,0.1008523716748019,0.4964001177339411,0.7534194635024307,-0.3686193657856996,-1.164665854057455
0.5705986685931593,1.0452534135139706,-0.3135296861723979,0.07500952404227074,2.0750650393485417,-0.6145387836910949,0.8070464166066873,1.3103496415027314
-0.7632591565425169,-1.563738990692139,0.9218015019772522,0.621084794903391,1.1801281737415277,-0.856348518281204,1.1196877785533812,-0.4827281166775155
-1.804882100664519,-3.5008893393586193,0.4826878872092127,0.15137431688557568,1.144293068559939,-0.6116337366945591,0.28305316225865373,-4.844655987117808
-1.6275424378831627,-3.0666262451728645,0.4200944904518413,0.29648804656453664,-1.387868550455802,1.1186323341542117,-0.33931118713815905,-3.5344697209640277
0.048084946661381994,0.2504942461499829,0.606850593215671,0.8990617422052473,0.7638603516334226,0.013043374376952133,-0.041337204809170254,1.1562661534311467
0.25972250172148187,0.4705600612643363,2.0565435648295414,1.2788984024224281,-0.05310680169691065,-0.1792510253569118,0.019599616577628293,4.149661553473562
-0.9043166251044086,-1.9205949935377182,-1.1308884353259157,-1.1149727305886015,-0.5509818035382495,-0.11000549870105147,-0.8024300398648369,-5.9994639887998975
0.6385924587773739,1.2912735422458683,0.47363207681145447,0.6783919980850889,0.1680153405325285,1.2920603343265227,0.5789286485712348,3.4934662899546858
-1.6615200622689599,-3.499884061094205,-0.9263811299815384,-0.36956443527768423,0.9452115346114836,-0.7491717266032418,0.4600423238604662,-6.528990458534397
-0.06607979864731657,-0.09984282587615499,0.5555126463422483,0.4237238722157418,0.5008315910042116,1.315508290940104,1.5404412397766734,0.9567726703071313
-1.2110161997624567,-2.43679265815478,-0.9186865114860944,-0.982759749694204,-0.87847380134206,0.21049629892150362,1.255349780288475,-5.69055894068496
-0.6518361078021592,-1.3502758657911427,-0.4173668136050844,0.08527524947776433,0.7424589135926203,-0.16041938197534772,-0.6856749175901302,-3.05474115771821
0.047398671316414016,-0.06467296409385152,-0.2950899142379063,0.08281654695951429,-0.6375875420759639,2.5009004979342815,0.8202983745089647,-0.9858521387473762
-0.8604133652839524,-1.6694667199109332,0.975816719344709,0.9164427730282139,0.21668311896428621,-1.0556394897985963,-0.9509533830944716,-0.8453344794423816
-0.38455554422982535,-0.8223811724258419,0.9184544439424138,0.5722830853664471,-0.3033500674771342,-0.35368575956700604,0.6959321009408497,-0.37680135236473555
1.0062928092144405,1.8955939348578523,-1.2457173764463845,-1.006379769324715,-0.2188662517356257,-1.2324312391640002,-0.5166141987601078,0.15941184801629554
-0.5768918695231487,-1.4410099603744624,0.054934110999848726,0.011875272590912832,0.7662429750405095,0.9524619705361694,-1.0232532233755844,-1.7762761447452957
0.8356921120651418,1.66863273362522,-0.7095798547491726,-0.5014936228762226,-1.040193719815898,1.689188933651679,0.28004534269740444,1.3928566502922894
-1.129706854657618,-2.082188549648262,-1.2585049106753345,-0.7166036409140004,1.945195074276933,1.669922781404639,-2.6745671281541408,-5.926093617010205
0.5298041779152828,1.2257342772853526,-0.21701705042437042,0.002269767887984303,-1.8210860692944963,1.2239487531460047,-1.750975574405228,1.5528399898348868
1.4415686206579004,2.8374276156571736,-0.3084827884558197,-0.46226144616160747,-0.5976676832548571,-0.19762046779596562,-0.17749188377428318,4.382307837618777
-2.4716445001272893,-5.003510206290756,2.4267164863455224,2.2166724790803256,0.370211889941741,-0.3652409774898465,0.08244176663484246,-2.032415480778772
-0.7968952554704768,-1.5469130853334512,0.43295982536069616,0.408994288291188,0.5843141664353099,-1.671169772494065,-0.36931877015818887,-1.2895111920007596
0.57707212718054,1.0543057104422509,-1.3776175007542373,-0.9646808414316066,-0.10047572057170515,2.0358735351817927,-1.5794362987175987,-1.0180872803764625
-0.2030453860429927,-0.3759115821040388,-0.5647740041709423,-0.15851103148103324,-0.057390703001542406,0.4689780781484677,-0.8178918421385055,-2.229078170677642
0.37114587337130883,0.8188997745810866,1.0213832954293984,0.5947905864408085,0.41055008532761655,-0.49195690486948307,0.3912093272373939,3.5261762366623817
-0.6039851867158206,-1.0852770510432104,2.088442772869925,1.6635891025546474,-0.2310694774576803,1.3280568889869675,0.5817817706283626,3.2048036767031527
0.08658978747289992,0.16316416729780456,-1.5859833122379583,-1.3750775600622098,1.3931812579349059,-0.9727645167600009,-0.01622311759594124,-2.7411442422320076
-0.15567723539207948,-0.33172184580185554,-1.879924385139045,-1.8175113931843274,0.8393491142316022,0.40662203422267407,1.1568337810369889,-3.2682509022412676
1.1677820616598074,2.2477658646439584,1.8709651753717822,1.5661141358184099,0.8728243510056346,-0.17262913429083468,0.3973970234592343,6.482490681692445
0.2544208433012131,0.42615365119844023,0.38961417737090387,0.8140026522136078,-0.966156723370417,0.638677139880301,-0.7474556539582122,0.9654091922556763
0.3376026620752022,0.6525574349602516,-0.8682927318763665,-1.0626497344022439,-0.07938842440570287,-0.06357353918612146,-0.2805020534116174,-0.29617672365299513
-0.4118769661224674,-0.7870173815633169,0.5346290861224353,0.42124714668805424,-0.3004659487207037,-1.4509278911112242,-1.4028661572078547,-0.0342276210459061
-0.48760622407249354,-0.8838539855216622,-2.6357477390168778,-1.9804896041985474,-1.0056013756894657,0.07557637267003782,-0.10813899039141675,-6.077423061965333
-0.4325581878196209,-0.9454342707072763,0.003375506597160999,0.02731604560896503,0.36016418394576694,1.0488641418753621,1.1121006192213385,-1.2986593706279104
0.39445214237829684,0.9381731416525458,0.32782117284308526,0.23963132777132012,-0.5376457577798165,-0.029216405853985244,0.6852900847109679,1.4050110615568951
-0.42098448082026296,-0.8690813217447828,0.9242701395378298,0.47957283894109903,0.655403829850237,0.775115121589086,1.402009325919122,0.4787902155123494
0.2897748568964129,0.5774129843579822,-1.0138959522925377,-0.7645594132459975,-1.0701915628943317,-1.0455294856740531,-0.3028852437989931,-1.9248093193577036
2.075400798645439,4.076080429376095,0.08568716140335904,-0.08280306628049804,1.719040612841821,-0.026260793269852138,1.3460997945142577,5.833281382194517
0.8711247034316923,1.4998253808360906,-0.9254246260595873,-1.1783240418433807,-0.8963326585920618,-0.6245104550885774,-0.19330422644796988,1.2487468571349074
-0.32602353216784113,-0.5636425246995773,0.2553837556743171,0.4432254486421998,0.21930233720043607,0.7469808401047098,1.471585082569894,-0.030909377920084302
1.2012139221639448,2.476112234037133,-0.8953463223630241,-0.5245998939220109,0.7918593103880676,0.03149156226199577,-0.02185674744212368,1.9944512641688248
-0.4080753730215514,-0.8442835017549242,-0.4081008391602206,-0.31614847595796053,-0.5706404302001128,0.6900736763366125,0.7072313738042767,-2.9009665578653303
-2.038124535177854,-4.069549998633221,-0.9958153947902291,-0.7508373781910428,0.8524686434329506,1.087710426157866,1.4751123643098556,-8.285206182870464
-1.008086310917404,-1.9645787000643982,0.651136241823657,0.7357725960020379,-1.2291835978004162,0.6916185751213884,-0.1934276285812056,-2.3344863934349234
-1.8707919210258557,-3.8978384277403655,0.8584511166566653,0.7316288246809488,1.4521176991825604,0.2731184342936442,0.21838898754417418,-3.3072069028703543
-0.35151348404130867,-0.7559322358172468,-0.2346205699574138,-0.006892945013668161,0.014149264965758293,-0.9982122585114053,1.2888634252063023,-1.8156426588200543
0.0184183791895517,0.11626322634128612,0.03823799496002834,-0.028906044206747358,-0.5964114079688796,-0.002786110666901238,-0.1330031639300636,-0.41114272790206297
1.6764373122752827,3.2274456822336406,-1.4485914146335441,-0.896476383992046,-0.2991817724274345,-0.5330904020158331,-1.320892282506161,2.1470271901194717
0.32692737376416264,0.6832105407449882,-0.29967664800678706,-0.17558417321889289,0.8089192693927194,-0.34406395670422657,2.14300705458491,0.06135159686160785
-0.21910052880886424,-0.573859238080069,-0.05020461704174478,-0.0013533049122210206,-0.5844552918504382,-0.37453415075025087,-0.4697644643371368,-0.015838865408228875
0.8294055811834892,1.705454160610331,2.620793091029975,1.8426222550815738,-0.7493576894227776,-0.9799255747822445,0.15875605093754283,7.362397476843323
-2.211135309007885,-4.425834766245519,-1.1119670257741636,-0.8321824497589893,-0.22153659758373817,-1.9573385891339898,1.156006669451127,-9.556954108184298
0.23561455810856594,0.3097159346265809,1.4641772387524374,1.0049508075030595,-1.176962112769968,-0.6681430483277668,-0.6084939037312018,2.558741393951815
0.7708651938869668,1.6582043232196508,0.996858773465808,0.6698304734669476,1.8205439079418155,0.19337945192415906,-1.0078679132221302,4.290919877385809
-1.4785862457798415,-3.030631649239488,0.2806364044901364,0.061433997928884876,-0.5663945912147232,-1.3481770454274902,0.25373729677483314,-4.155450985288215
1.143754043206929,2.20648284271242,1.7586204841951334,1.193649400976262,0.8316167861804036,0.015682236471624342,-1.7930763979123896,6.23405079475519
0.3384964074944141,0.6970497347119226,0.3721054726068629,0.7226386586888827,0.2094700836477726,1.9002684243109647,-0.28790607686792025,2.3543133983248605
-0.4152879139008013,-0.715712092858731,0.3891591956679287,0.5775951689320237,-0.9845340504819681,1.0230565552522393,0.2450386643154059,-0.13392277665192548
0.6327818661062848,1.16398155031473,-0.053120653017545344,0.34157697801481596,-0.0059547092127293835,1.6435415091205292,-0.26995189682516413,1.7779953528151489
2.270692857804396,4.547553700593589,1.2235688824186275,0.7342761020237892,0.784002779310748,0.3911278769327262,-1.543450943185747,9.941379460335876
0.18186625505849516,0.4066141601500476,1.0964692338108837,0.8914261370308855,-0.18826133508630655,1.167509822986446,1.5941779562040121,3.069805249496559
0.24822058630033608,0.5657517333269866,-0.6256772874962124,-0.7592433550377891,1.193112945851028,-0.7239647304677874,0.10353815394917538,-0.9181207668506328
-0.4593608995402441,-0.9010776435527658,-1.3192471945987674,-1.1945367311184267,1.0215153927818639,-0.6443402670219842,1.431152117761741,-4.53618716981365
-0.8498443694647918,-1.7363915228379159,-0.20298063739565708,-0.34600990659984066,0.9189148546583293,-2.7391402061374728,-0.26003625018044474,-2.546503610958759
0.8303358165442456,1.5779126110236192,-0.8000385643976464,-0.39211405022980494,-0.45965677227299695,1.186145474042299,-0.8800119816907639,1.0891137990711197
-0.8560838259088672,-1.703553263513097,-0.0635245746153551,-0.13006559531263606,-1.079842447781487,1.540323979819886,0.2691809202551599,-2.6104267429719807
0.07156623721939247,0.03591857324022424,1.2374381346841392,1.2036263744861146,-0.6135876053627944,-0.55317724534727,-0.21578712632821961,2.266326079592002
-0.4776574467651167,-1.247449941879694,-0.45730165508679,-0.24501714615172843,0.19624094066672046,-0.2539517063972351,-1.177761457991358,-2.0436018669660534
0.47897982574639186,1.0016156319085505,-0.04282338131157488,0.42646904537169794,0.5457867135323555,-0.7538621136909615,1.4697842587874956,0.973543273049051
0.3336621052869483,0.7577176946825162,0.058022734808395225,-0.2494706567812286,-2.1715714047604475,0.3826535514774916,-0.622270222893996,1.0660384581807962
1.0375399442578992,1.8387866449616146,0.8484308822052846,0.9305913537215875,-0.00811320161175029,1.1249325453032408,-1.8402663847955685,5.532953670377756
-0.510016398854747,-1.1210058681804878,-2.246889333984605,-1.5682232931075386,0.15808922532318442,-1.742771973881041,1.3281660539573328,-6.354244982438525
-0.26987493529337125,-0.4778344444862227,-0.6067002947652967,-0.6800360034176444,-0.2775442563155516,0.4094385306422523,-0.5042980158126232,-2.8095200239471376
-0.9787637157823074,-1.7517778845934449,0.21128369227947272,0.3704536211182101,1.2912738390158789,-0.2766717717191454,-0.6078238926156243,-3.039997358723032
-0.4442932600761116,-0.8865071493846823,1.2000789564268612,1.0272921577467349,0.4217800742508709,0.11339439196668935,-1.765387587029974,1.5644275459691994
0.3773004930448522,0.6818006919667909,-0.49190244750620515,-0.4390172099956457,1.310191908080897,0.45899400167429094,1.7409414865969908,0.27546215281225095
0.7569886166453519,1.4956875891802197,-1.876552706041874,-1.6660292622278992,-0.21596052035023222,-0.18820243877282114,-1.2894805872096875,-1.5465782514920692
-0.9221653241776254,-1.7068430064404323,0.6197114459661363,0.35194726648307184,0.9374774925069249,-0.10358685340578061,0.05844948070564989,-1.7816199832563886
0.8696059201056602,1.6746154222988667,-0.6353623888256293,-0.09832749190331824,1.6350663945275195,-0.2138751675546389,0.9126203225404405,1.580772936442317
1.355637858804951,2.6313565169448765,-1.1896666590903613,-0.9515967634807926,1.311693449272661,0.9703162017882814,0.421716933003097,1.2630278327390188
0.41343490322370086,0.7785954542291985,-0.6243453897132241,-0.34305031146428744,-1.092141593428733,0.41875996012749656,-0.0596543119921916,0.14444671456595246
1.876795812558066,3.6582587642902604,-0.18452535765584954,-0.3058001624581903,-0.253676077542381,0.22058353773736078,-1.7016658582874162,4.89570943795602
-0.773789199103573,-1.5353113666076665,-0.6047446645382127,-0.639766320874898,-0.34516470544979644,-1.2709517210922827,-0.8097248357672839,-3.9796866190246716
-1.244654703311417,-2.326841560775878,-2.205566057099069,-1.5480558838292668,0.4892545350763276,-0.3785797432131542,0.18780033804252202,-8.463839941544895
-1.7787202489042786,-3.5251325704969543,0.8970661968871322,0.44773771519939937,0.6863535550145331,0.8986691603391742,-0.7871740699869963,-3.729732076180553
1.496044311489183,2.9668532727657375,1.2748750412787222,0.9368572794419234,-0.8388926740257363,0.037696573123922904,0.20335945999876773,7.013468099058142
0.6543656563540577,1.279550185816561,0.6515219913395057,0.5280230752860511,0.06783851391693768,0.6595314695891383,0.6817434088151417,3.383868849296742
-0.05558467091045507,-0.2674884226905759,-1.1376856704248166,-0.8878740159718429,-2.0199273321561364,1.7665118003276337,0.9625028858001017,-4.286307999295221
0.2799686263198203,0.6482482303543564,-0.20149153394751798,-0.19701188416124565,1.44194500580189,1.0386060692088166,-1.2261793578126834,0.0330975321910425
-1.1254890472983765,-2.2587618142980332,-0.006521315229458062,0.07394690403561817,-0.5123742406766936,0.09315833769974234,2.196646054978954,-3.585294761032065
2.4457519796168263,4.87345596787459,0.5987943895619102,0.6176066628130905,0.05586393984449697,-0.5109891701957271,0.7674793445541306,9.287375737278465
0.1292211819752275,0.5777531207349411,0.6683404887180808,0.6815999000663308,-0.30964971398806124,-2.5535495960558983,-0.0017141536690639572,1.1843432191707781
0.10939479460489289,0.2486648800463544,-0.7341737987784958,-0.7844998007563619,1.146027575013415,-0.16838492247285253,1.0895365830766406,-1.0587649046923566
0.725766623898692,1.3763541427878654,0.08199555641356042,0.008765425545088898,-2.837506441397379,-0.32601249581684916,2.3654077719999735,3.0888061393911155
0.4810092317367132,0.9193827038528721,0.4572804046152411,0.6047768960675804,-0.016610342325908987,0.3903661943953757,-1.4387201010568695,1.7011042394669855
0.22388402427913137,0.5626126194779382,1.4558223221467665,1.343587295232188,-0.10581875749769788,-0.1539052269746876,-0.2252626424913536,3.7802843300631284
-0.7904744554453119,-1.5696218698368474,0.7045065398247231,0.2890333415635657,-0.4536363875916828,-0.32038505943679435,-2.3784316598733284,-1.3635462036537498
0.4714683571359957,0.7991089164402547,0.7890566873755189,0.7015413299708555,1.7262265456356325,-1.7793989305072206,0.19265153264802468,2.7402015750144075
1.8820244964750337,3.8559718864075876,0.08382662792936094,-0.32858374753147335,-0.8873294588557712,-0.9399678291500665,0.36539424192514075,5.412171328307166
1.3454200461549777,2.624025683756056,1.4104591452035038,1.137754296574877,0.7717961772356612,0.4766510408005575,-0.03916211544275943,6.491249774663998
1.593186626639397,3.3737030309005487,0.4097627959594974,0.7073636401167933,0.35625278870608357,1.7159076311326944,-0.6545335709983099,6.960041545790432
-0.5112156764311852,-0.9144265462909055,-0.8610879101735704,-0.8784488715926537,1.261519252535516,-0.09752538374562343,-2.0495145161883253,-2.8335949136048635
-0.9896048202585809,-2.0239418300830367,1.4033699701251907,0.9558313670018362,-0.6671890847775054,0.3278110735741233,0.3735336834117687,0.3887944103677434
-0.12578692009964815,-0.12347220402578499,0.6979032725390276,0.711128574345794,-0.732968899123759,0.9524781569528054,1.455434483915325,1.264442528197359
0.055724912288694604,0.11823537563012954,-0.4430440211284823,-0.6629955199447151,1.0960699074773985,-0.8108939362002497,-0.591018455733432,-1.5220416995918598
1.0941915184709485,2.273660404454119,-0.47949296739924335,-0.5101453798964025,0.4253213083301104,0.36681404328544226,0.440059929023145,2.5210676057760124
-1.6924646297148194,-3.3364559777001914,0.2965755451407618,0.35654866362896,-1.5449373466767586,-0.7404901063321585,-1.5681443134200506,-3.9477779916092617
1.5295503194606137,2.97446497342214,0.4631847952675847,0.24369066667618716,-0.5393050144632704,0.8648244384910113,0.45721306369251385,5.0883208118974546
-0.15800789857898942,-0.38037078038972505,0.19729226563120644,0.11063981506277085,0.386382653848061,0.15140304795173262,-0.39338229774465705,0.40322416910600795
-0.42688106994742003,-0.7507660581367239,0.3113086734428849,0.39788408081731486,0.8377642215465891,0.2984518139814398,-0.7624179506029144,-0.3058577580294508
-1.0121043752601675,-2.0576862837309893,1.6999573745763805,1.4442751163684169,-0.6792306531929551,-0.7825985974185891,-0.7603636412161305,1.2896216457790937
-1.6548566718657693,-3.350078190055738,1.0715431522348857,0.910598201046989,-2.914255989816941,0.7070323596107849,-0.39361158203300994,-3.0303752173843463
0.8231705839619146,1.5508289099888939,0.19063559126502433,0.08468401715801173,0.5232231857370332,2.084712921231016,0.3824333156925354,2.301977443277929
0.07331796718840389,0.18899584093615387,0.9413105807674833,0.8270606876677777,-1.2203206899439758,-1.0079116954282061,-1.3121632011955178,1.9217610084139054
-1.2899608997410539,-2.373669307557793,-1.0325239035275395,-0.8507656588419831,-2.0173387981224113,-0.3397590076475238,-0.39711533156785284,-5.217145009696429
-1.295078772063616,-2.6969108355526594,0.39792704994680894,0.4099027619426041,-2.832325924984141,0.23160747416809183,-0.04147177799914767,-4.003585156718212
-0.3357846992901282,-0.6691474529129806,1.80930634973311,1.3480586747628924,0.8139808601977412,0.7864062119958165,-1.0990392245318592,1.5770707438803195
1.669021525289393,3.479265106120329,-0.21804589539237385,-0.21095051118980732,0.12861745040496653,-0.5595462852894689,1.796665201675017,4.615670424549237
-0.2595913513636048,-0.5271468418517811,-0.8476339286190848,-0.8760987014056707,-0.22565638071225164,-2.83303029014274,-0.8534954800613416,-2.695336557716062
-1.5031429531181062,-2.961048726611239,-0.6520888885930607,-0.5286726328756958,1.3890243629627617,1.359189494164025,-0.6694369136334904,-5.809742689952597
-0.24574306408594432,-0.5977254809865766,-1.0896330373423884,-1.0339066025996797,0.6373246830230725,0.7605061195841426,-0.9783079498224979,-2.4438393813246773
-0.2727235697476705,-0.5026164297745761,-0.7847619081277034,-0.8506188165345615,1.6163000427219165,-1.742947530486665,1.7984800871381175,-2.6639791985578447
-2.6968866429415717,-5.412487712383598,-0.370508098590029,-0.24467424930094558,-1.3927354721669964,-0.6075687917795559,0.5529052285994815,-9.768179041470082
-0.05429486651781221,-0.010016733467638109,-1.405567019178642,-1.0819056601713817,-0.034550623953963515,1.5681824295273261,-0.9365920062436421,-1.9517778593107487
-0.23093453020867796,-0.3431304552608808,0.015618333949603047,0.16906941414939697,-1.6167133749480143,1.447796418457866,1.1062315588599687,-1.1601810664462158
0.6962063648134184,1.651369093828698,0.9022771737866472,0.6355966251142979,-0.22938233185546722,0.9386400226789446,0.2006986942888783,3.3636548810075007
1.8489560949453452,3.755875507212048,-0.9077561801469204,-0.6445943747501852,-0.24861585376667736,-0.17611243395986265,0.2572534211115017,4.283215931403493
1.1265650295477574,2.2857096907537313,1.5192839236417688,1.3255866533681477,0.6266136372630708,0.08298741881250997,-0.3444772087524527,6.226018375406051
-0.26888869055483056,-0.5183389509519275,0.5107920885275947,0.4975884323883948,0.04556388114189831,-0.1309258051261265,-0.7494159869569733,0.18322317937329238
-1.1065259087416703,-2.2483684467644096,1.0305805856240573,0.6593337319388175,0.6234071382799156,1.1282397832688376,0.33776609905460137,-1.0170214929467374
2.5733598032498604,5.18056799084589,-0.6578345538521371,-0.4963949466274719,0.7034401331388942,-0.8758424064951101,-0.5450872299955903,6.9462018536003045
0.05921843401448826,0.08889672701507358,0.8545252270666157,0.7564482408642249,2.154928677383142,-0.8057996548842047,1.8167556295751046,1.7199754095858102
0.013929291912946203,0.044704681452853834,-1.091933900395313,-0.872111426934662,-0.3152966552861244,1.0102745868360157,-1.2692911052431042,-1.3821039220946378
-0.024125087110003277,0.08350957934078942,0.8902475008365087,0.29490246899499006,-0.941022700666379,-0.044361455511561634,1.5361567728549452,0.6402198159756047
0.19808476076785494,0.2955152650077458,0.17183933979353122,0.16956939662952097,0.24608361531640882,1.378467355453808,-0.11131884879780068,1.3178265803671658
-0.14436041192394247,-0.1747329677349804,0.5532512199847837,0.8851071838672754,-0.8022800271395435,-0.6715122069805457,0.2990857340211059,0.2536574251889112
-0.5736620068802363,-1.015612507026486,-1.1755946056248516,-1.012483538251278,1.481960768436536,-0.0547783603388251,0.8331577666294346,-3.386039573586417
-0.5468589412403921,-1.1055247351798922,-0.8950698422766047,-0.861671293392348,-0.28321803894523256,-0.9224129848439533,-0.6302492950044363,-3.359694268859113
-0.03275327021599839,-0.2776920303328563,0.5972282182533848,0.5524522865449875,-0.5655763678739903,0.007362681423567135,0.8642483846986365,0.7597439598540737
-0.543424771133765,-1.1476317409769732,-0.9483480042242007,-0.6962027612860463,-0.4713157211511179,-1.478546936998799,-2.7075438553811773,-3.1955497753388804
-0.7128457826771644,-1.2959921106982177,0.46320629209912306,0.6091120667625813,0.718417423471641,-0.4876334209549628,-0.7199895332219391,-0.7655305902296208
0.10643022769189683,0.21057364915390545,-1.3671378064602457,-1.3452838763499742,-0.15774698323148525,-1.4362538649281178,-0.9240628073410654,-2.0940378684154815
-0.2549772174208553,-0.6098846580712016,0.8481742126666681,0.824815420648333,-0.6416668201303823,0.6939232331912581,-1.2535060123717616,0.4165686532542403
1.5039929885826886,2.9575084850425553,-1.232523314768509,-0.8679342395645147,1.665351917623531,0.7165893397596517,-0.21495483807895113,1.804923774400005
-2.650969808393012,-5.217877614135569,0.5522999376795232,0.41341064275550937,-0.8561698406617501,-1.730262730484345,0.3857499681816948,-6.850345968380706
1.0915068519224618,2.2376870606650616,0.6256309336460009,0.5682422105011387,0.03556607403299353,1.3338857455005728,0.7026599984993058,4.505152596734357
1.246085192497629,2.468277175078289,-0.6967718184295749,-0.35152595842398854,0.6523061516102304,2.497415126419854,0.2408767572004076,2.719584678352911
-2.0733902324081495,-4.183462905997768,0.5820265670847269,0.6400843296734716,-1.6313351104170732,0.04600638673634095,-0.6656934648935469,-6.063568179308299
-0.34268759408034877,-0.7245510030650797,0.26044226333355597,-0.020250051747900955,0.4802605014059249,-0.6411142602246448,0.36901643782516713,-0.34001472829718277
-0.37144086599579146,-0.8351227504414331,-0.5388418561927383,-0.2670418476030937,-1.0551076754804494,2.8243305910030463,0.12428569485085071,-2.336996987591171
-1.4075116947178212,-2.653485820488698,-1.008554684076208,-0.8197814682674702,0.8227827808340025,-1.3189684983025107,0.9360561679360162,-6.658894760497856
-0.7778166875908753,-1.5878654221028845,-1.962625691672579,-1.5555257337349604,-0.9626510119189763,0.020106466869098387,0.7769367029315166,-6.629944835002584
-1.1105758454658288,-2.099435838849108,0.3496500472996937,0.29435943604009385,0.6927690318488605,0.17962227263192343,0.03047641392062887,-2.7396962740570805
1.7522704434236227,3.6566724920394904,-1.5648027713620551,-1.2818908148492962,1.1058330662947127,1.3451476204524146,-0.8972530061612568,0.32666323531699915
0.9356783931474612,1.9711878761097184,0.0953441994413082,0.31461685897445957,0.8614365256328049,0.35973897512678843,-0.6529501558320808,2.647078792929225
1.2715550949941588,2.4999481587165127,-0.2634482160822491,-0.2275021648356417,0.2513166482381024,-0.4986338957884514,-0.5497893596380333,2.8498614404948315
0.7216720640432351,1.4837171371201312,0.6791427754381955,0.3194049946739227,-0.23130094292969944,-0.9511843703879561,-0.31526633391625575,3.789693347667409
-1.1290517712172292,-2.26052310307355,-0.3020454994898642,-0.32034237078583716,-0.5764195763348439,-0.34182182024613555,0.2680504275897533,-4.394009653886677
-0.5245202662797737,-1.1394107186325602,-0.3294477863470914,-0.227819285715578,1.471034690817104,-1.0069273609451441,0.7151743901280584,-2.3400132716187483
0.48937456122791806,1.0111850506279965,0.7318707042882956,0.8313395202900467,-0.6994952201676432,0.04782531978468294,-0.05111869301537766,3.703003406090996
-1.2221278088919454,-2.562159596899871,0.3350580290841175,0.3886653602570608,-1.0370660735699961,-0.5641961798604865,0.016124787900472438,-2.499091608599889
0.7129984301723881,1.5447647991909326,0.3161559571827783,0.08281770999681384,0.66536893503283,-1.4940377932897506,0.14330630500000371,3.222442904854447
-0.24032539815813503,-0.5271125260461094,0.46926758980852623,0.8724520551825994,-0.7961368031864954,1.2551457883749038,-0.51590531313234,-0.03237723006277851
-0.3748208075495975,-0.7295256495119111,-1.5355721232071058,-1.175502636370089,-0.9500634974661272,-0.4976725234290394,-0.9253922576429561,-3.924090529418178
0.7109599682034915,1.4502487235615973,0.756788679986982,0.8605090915893886,-1.443604262169765,-1.2681368049753126,-1.7554378973107099,3.5295083643576417
0.44426331148603976,0.8626361256016718,0.6124687940136023,0.45963214849543604,-0.4829098394605177,-0.16825913448754154,-0.6951493580768724,2.4596809171468554
-0.3609661658190799,-0.6632629514906324,-1.0166831285764972,-0.7066746539201079,-0.0827150238964932,0.06837156596765875,0.47314545326778695,-2.911422082736959
1.159329803364248,2.271169241066244,-0.2440804736742013,-0.027370678035680107,0.24309172766069878,-1.7464667255790336,-0.7029114380395675,2.6913316685338753
-1.0810633275998973,-2.0749969254540703,-0.039307287627631186,0.21219311224874626,0.9513062442994834,0.33164766712576277,-0.2378070374259397,-2.575303005833353
0.6159356069442637,1.0972732458638526,-0.1344967844017327,0.10387623355425885,0.5268979236657937,-1.0471575686902646,0.46643128741231693,1.4987481822303572
0.5931012579683838,1.1988404738914087,0.33385996656853467,0.4415273732694233,-0.1908722195531798,1.7110288091907877,0.5206894964226687,2.756203990172053
-0.3095464393139903,-0.4251999787221521,1.4313667818311835,1.082076079226125,-0.19819567637971988,0.5239605120767348,-1.079532852166039,2.661894485349045
0.326133022242118,0.5522329120236785,1.0817667276728287,0.7510641737470507,0.5101574689151834,-0.39989999010931654,0.9970593564536414,3.6577594093595986
-1.251113576385303,-2.570001649823091,-1.3122191934314063,-0.9832538526802854,1.2725701629285695,-0.7451677703173505,1.1273500893554853,-7.082238667363984
0.924027019206901,1.8994448233796934,0.6220699903060487,0.6842816067130528,0.1263141994832002,-0.10496770756362395,-1.1298498572185598,4.238668985737742
-0.18490213644298903,-0.3518460946920183,1.3289333195354096,1.0186025154730063,-0.46913085421040895,0.6127907415832897,-0.8238368696411541,2.5285199269721756
-0.5227230205190395,-1.0103830311107231,0.38680852068920263,0.5224812096942395,-0.9928660010855455,-0.02549412858519966,1.1910906831461916,-0.348620509098339
1.0490092258368893,2.146937164688545,1.090980425185967,1.1633076892460095,-1.4452052644122255,-0.21715880713685662,-0.14685352125530088,4.772341110825286
-0.7043436905427592,-1.3452152342293415,2.012270445700765,1.4265521727459283,0.6662696720435232,0.058370290817895645,-2.219777947451851,1.5829922012645905
-1.4084612963635597,-2.705952608531497,1.0237095461069814,0.6515834961263292,0.5779785236395572,-0.6038589312369547,-1.3996815047326863,-1.6806856790059057
-1.5566291735239037,-3.0722764813549563,0.24930859564172886,0.1713718647323158,0.5773635251066616,-0.3432059268430377,-0.24936962517248124,-4.552150514629576
0.6060099513456396,1.187894137229425,1.0450884740847535,0.8975933129056421,-0.1286594463520559,-2.085792438905004,-1.1630426502846019,3.7583587738742685
-1.280429352496283,-2.493601334872293,0.14488783309689118,0.01099686372410276,1.4069347458917507,0.9737262308523678,-0.41342377063644137,-2.763574486544082
1.7547941819843647,3.6995765574582506,0.02390304328495547,0.2895629704013933,-0.4841184945848177,0.2987977803217619,0.03239621368357873,5.28828900733061
-2.081929407883722,-4.177122190405702,-0.35141423571373254,-0.19631801626729578,0.9552692372072055,-0.7734558440334302,1.4622546040347288,-7.312003763995553
1.6964563682900382,3.295459806113012,1.5634133588321082,1.2586200967138346,-0.038742894989543024,1.8987349813552388,-0.29045391622778904,7.777387144102879
0.2110174672026184,0.532743001333934,-0.8184286659420014,-0.9419248375273067,-0.6083507646793376,0.08701648039238655,1.0725417995727589,-0.8374452654835534
-0.09671311187039239,-0.2054643401361446,1.532367724678116,0.9627310164569916,0.5925303073177614,-1.0361435719751968,1.4287601620367705,2.1080221095064506
-0.5449190868089497,-1.3071051282193031,0.49986412374037137,0.4560931490486584,0.4096361186839937,0.8567374214704584,1.434309669352076,-0.7586969948943155
0.39913611435207086,0.8830143964191839,-1.3993061748019415,-1.5459640650725206,0.3569727592669261,0.3980482165092625,0.28475459338556824,-1.4345887390526597
-0.037634702424848364,-0.12880222344508901,0.3676492929914216,0.4966469163219516,0.08127842205619876,0.39457998548421935,-1.9632891478389742,1.2719693889821317
1.1033018820165215,2.197550435802627,-2.100026507651624,-1.7116519749957635,-0.037893081716830875,-0.4257556046515905,0.4608248654038653,-0.5563733290686856
0.11422764866203965,0.26165333038098076,0.6255080168310357,1.1490250073837753,2.3883719928704386,0.4504957237780347,1.048399887813541,1.236666420657101
0.1503017614618776,0.31965349090166184,0.885231482988991,1.169768436514415,1.184256645196173,-0.26175829022109454,-0.08106710543541713,2.810577909145475
-0.36361221221385587,-0.6562792427138078,-0.5923559556520536,-0.5101745783711462,0.7228268949855121,0.5559414516458422,1.7445838700752485,-2.4253060667194135
-0.056945623721067457,-0.15743988449911925,0.12354769595558233,0.07757075625820288,0.11179915820338826,-1.9049444540106388,0.8598335614674577,-0.5415929902767422
0.3078017688920592,0.6669141176017266,1.9541574337502863,1.7624422498006351,1.0071572005966691,-0.4338734629791891,0.5682733771527843,4.745699494544014
-1.7101683926566256,-3.446291453071643,-0.5057467042619367,-0.06396284142594183,0.5179947763914519,1.7221550978081948,1.086380711205838,-5.422913985920899
-1.348185422105713,-2.6224897961226756,-1.0589075870566005,-1.1747318811324838,0.02620475277403566,-0.7670674554003005,0.3333698512608781,-6.079751415397877
0.743264094022715,1.5480649364467354,1.4816634024625988,0.8280556288991416,-0.30356432526591504,-0.6038382974931866,-2.4928104993953535,5.1993800191582356
0.17086543812794186,0.24818700605142419,1.9625871905307948,1.4456627913137596,-0.0809173376626882,-0.4479613384499751,-0.49913895147036563,5.256376517796842
-0.18398333635267913,-0.25936846108785505,0.0036956718478473255,0.11950405411305073,-3.1704257358780557,-1.2148061358886433,1.1971680272478535,-1.2602360888895563
0.01843393306539316,-0.016728478380618486,1.0114630354083562,0.9085451464282045,0.21060083929764178,-2.208280776228252,-0.807591340098296,1.435428312986506
0.34758170536167105,0.7759691905514566,1.341475915530881,1.287135023421475,-0.4884760801103597,-0.23058639852361285,-0.22347250523693915,2.9177737116633593
-0.5397596803093615,-1.042790629278589,-0.742484232538384,-0.8339268917037689,1.592669998282884,0.13585942408165688,-1.0448363139030712,-2.917923412764825
-0.7783047254023127,-1.372791083125113,-0.4853058353678683,-0.85147344088807,0.01934407081175429,-0.05250506853865217,1.783922595201769,-3.222279283385112
0.19584525509768155,0.3693439119581779,1.230874513154735,1.1563024495842171,-1.1889634195349619,-0.14487856194788684,1.6814924574180155,3.8206529752424023
-0.978372777615032,-1.9916772348418839,1.6850142787085094,1.1823721683737607,-0.0498801541281177,0.043040870850387644,-0.8838688951407293,0.5566477631403078
0.40825275571447184,0.8145635508401704,0.5628808601743548,0.04660711526175626,-1.0461210850625042,1.022841471550764,0.147298000389084,2.1484414077524736
-1.7025836042378404,-3.4354851867591085,-0.8798143535020543,-0.6748387336097671,0.4734074157124664,-0.19044618592921678,-0.6804940477640476,-6.866482083278576
1.0291556373256436,2.138305464845492,1.9870611116994412,1.7482840270032884,0.29094736433948537,-0.5740825770872696,0.6149446390313781,7.120442844606292
0.472597482413043,0.7835639039824271,-0.5309708978119645,-0.4491881446738271,0.9578396311082676,-0.2811254848880863,0.509683077242329,-0.4800299850488835
0.25602973431387566,0.4066912267131159,-0.33513778117145177,-0.35967990217365925,-0.7908817916945654,0.5793467597567757,0.8117055716132655,1.4529794627661698
0.9826909839455139,1.8586016757331085,0.34233783448962146,0.2419978211625159,0.0340080962281468,1.4120268785432495,0.3319184477078873,3.8926841298667405
1.6654744444625766,3.4259796481225107,1.5541604207147741,1.1692117840916627,-1.3650217954266353,-0.6281437391691783,2.935406206388468,8.209748328828573
1.0143700650181304,2.1998014672944532,0.8539759765522237,0.4135713588537455,0.7014947819247145,0.09893378702888371,-1.027923765010739,5.05864414029813
-1.8408742313316453,-3.692193384517038,0.41486550036191044,0.18895626489144202,0.518871180440122,0.3383574419359596,-1.7106033544365142,-4.338186202977813
-1.2795769667357015,-2.576036105790404,0.4632885301181062,0.4748868050972479,0.49580502102757085,-0.9925780067288229,-0.3930902007014615,-2.982430582722108
-0.6248185776956788,-1.2426319390800395,0.04351466864346608,0.09914744319007289,0.00161903135694112,0.02041716721291813,-1.5679882655602675,-2.1030469639204545
0.026091050210833786,0.16836993068248662,0.5581395145185063,0.48012357280816914,0.4147728907887909,-1.465673857342095,-1.4924622700059929,1.494277522830366
0.517659020469123,0.9425827275191887,-2.529560077694303,-2.2226777585261184,1.6043391083085963,-1.7690503037393988,-1.001314654197967,-3.313287673715511
-0.7257438131534656,-1.4276507280334527,-0.29660745906979835,-0.2735865996829721,-0.28509425704201397,0.366746407892257,-0.9221889054316275,-3.175391407144698
0.18676676447707832,0.47105329193239964,0.241321934916781,-0.24235546135514616,0.1386451837100845,-0.3838747413307828,-0.9546181019500601,1.752461968948429
-0.7553829323533225,-1.4606564477126605,-1.151014083619507,-0.8851159341185277,-1.0861262991814098,0.20228040762121913,0.5182189504454116,-4.42150094613749
-0.6115178029919482,-1.204077444324022,0.38632331781156,0.5948301958119615,-0.8682609615983323,-0.017894977008350053,-0.5061890610853361,-0.6969970922189097
-1.4066610968482223,-2.7132175844397306,-0.20447122098612153,-0.4584034031973184,0.09781329309330739,-0.9764000486637974,-0.17951457487248015,-3.9329652886769506
-0.9232332461109043,-2.1167897215217324,1.75547569831549,1.287195023988841,1.1039335467019071,-0.045254301964336476,0.8942327745009349,0.7521960688806845
-1.3516846056163336,-2.6355816792795763,1.5730197252148563,1.3242371359139111,-0.25628082425157245,-1.2331013050148552,-0.7663225247814263,-0.7505383629272305
-0.9758732529773327,-2.017154074267408,-0.46580556911816284,-0.12207592840903353,-0.23591652931212392,1.3909723580014006,-0.26454589870472217,-3.454217277915266
1.0536417966078395,1.9242203035300334,-0.15083771156669531,-0.21031509251338615,-0.4068852445043747,-1.3559703448599638,0.36575998609291555,2.496819424790102
-0.949398888831943,-1.847677517711388,-0.0739475656083926,-0.19760811833989336,-0.5347566708443231,-0.19578527096858134,-1.9415678006202213,-2.9690659662896137
2.632382064837391,5.4021299841910775,-0.4516594761596227,-0.7551122094109148,0.29497145570882155,-1.0422715880472484,-2.3849055089505824,7.056601535518501
0.4933179008808892,0.9728909502990093,0.19502498402812674,0.1767076130841227,-1.4972576451786446,0.5704211733607956,0.3461173287977227,1.3919743948572239
0.1848361236948739,0.4649597021100417,-0.7582820688875902,-0.1982104470813233,1.2809395766667275,-0.33143137128150285,0.49201428056689855,0.19676262764638053
-0.8583577801812136,-1.5554877345635625,-1.1306153349375263,-0.849020575557086,-0.6654222981294605,-0.5186667196212101,2.0642201348524107,-5.539950732164895
0.7003098794089914,1.5321112041763874,0.6227112239002686,0.4937131832834722,0.7219034854381414,0.8532015450515544,0.15809487586680993,2.6973001341839327
-0.5756378262377739,-0.9872791995384086,0.6295295842218108,0.5680401295308458,-1.2699985973938759,0.029430591677552183,0.8197397172580948,0.18925897758208943
0.12200981464536144,0.3182323783979121,-0.8043157596599924,-0.6456710085177144,0.6688401305462182,0.5166444459359673,-0.19547264358597383,-0.8859689499856293
2.5600845382687947,5.127712440427748,0.8953554307625996,0.5536814701580537,0.6719446078144975,-0.9813259365174648,0.29722722158508635,8.957982067591194
-0.09605989972464987,-0.3523163806390166,-0.6315777291653314,-0.34060620019672405,0.3842020720058965,-1.404816943927507,1.667256841749534,-1.2476906499537659
1.1492733262856758,2.2739404037583566,0.2531652380379812,0.24768449505273582,-0.9944285217997922,0.10720796204013365,-2.1239928181256356,4.6880756774316446
-0.7031764251258874,-1.490677509783394,0.820344012612456,0.6597978604766964,0.249548189598077,-0.3188463554947312,0.4136162575716805,-0.483972778951243
-0.0349884904969617,0.147117290755858,-0.03361256470371301,-0.2219632572186204,-1.183056184734389,0.6264346724539442,2.135586730077366,1.12722084913898
1.77080063563551,3.5240126900277864,0.4547409121411344,0.6244943160998594,-0.25276325509618536,-0.0799084526625497,0.2820342192093425,5.359852825754781
-0.6269670577877674,-1.2416136348970863,-0.5164296438875717,-0.2802031660434354,1.029413100955326,0.2050753392346299,1.6505729632328479,-2.5668487342088944
1.8124485579969287,3.680045653597904,-0.19646658342809717,-0.2677574342159382,0.796701927070742,-1.6233825299412434,-0.6292121495294424,5.627676675245094
0.7077519354554754,1.4198641155481961,-0.20585943088034037,0.035677426032115156,0.015182942540433121,1.8884369396142566,-0.03204749416371351,2.157208895408369
-0.5624667758942676,-0.95542844774546,-0.7465783465402389,-0.6967768449092326,-0.9748065759228419,-0.16424198503203188,0.03352470238858753,-3.282734884086105
0.632407739055521,1.2025505419375966,-0.1767741631157821,-0.29782002899483306,0.6455877121741934,0.697586970339199,-2.2175910793587708,1.398454149929424
0.9725544496267299,1.964569644777184,-1.5486182988637467,-1.3908352625870548,0.019381237698025213,-0.8360916702196265,-1.1681778278502002,0.04249933669632505
0.6218099622171964,1.169372865864588,-0.4911537471421047,-0.7471367083313021,-2.3203155982304233,0.3080099022173409,-1.096875079383986,1.2909996356934146
-1.5702247198904564,-3.2724516909029835,-0.28487549336967083,-0.13359191861209552,0.7826298263165181,-1.3028447635247453,0.8220660780325274,-4.97918842826953
-0.7271371758248686,-1.5154512607402657,-0.2561797524953801,-0.5711727776639741,-0.024232833869692147,0.452067838259671,0.872153105684055,-2.1737420870686717
-0.24751863555150475,-0.4987409508078507,-0.24149744587077882,-0.4388867229497756,1.2024512479830722,-0.3559740843858328,0.3240364427065333,-1.7349857769294394
-0.07443342910004629,-0.19179708065181858,-0.061764199860128925,-0.4645289617038098,-1.0952705188428047,0.029190503935567446,0.8241028968557058,-0.46071417658221403
0.620672097550678,1.1721020971139704,0.4794415180860639,0.36633927591067256,-3.1767038131960006,0.6979740301300975,-0.16414941272177394,2.3508913627622845
0.17770100093325383,0.21477025549932427,0.8745170741325226,0.6695495672516436,0.2790838583451852,-1.2325403112202802,1.2019316695395432,2.0890807630217356
-1.3353443587101013,-2.678999274683072,-0.6497652268482671,-0.5851514241158866,0.29156367668197275,-0.684491730612797,0.00878844263207182,-4.797953083919686
0.3801978510059632,0.6099236646088262,-1.2032008553891445,-1.1710762232454308,-1.690671627606452,0.4573242810867655,0.05786404742675647,-1.2118161973977848
0.6105857452838231,1.2971770869366066,-1.042044412243103,-1.0680822804818104,-0.9784995458666064,2.098221474546747,-0.2655926332624114,1.0510979929401485
0.5597904479310398,1.1278248711555299,-0.48720292119492714,-0.2968883642466269,2.7552177437199017,-0.13808233466148176,0.6844504776364279,0.8016686849981237
1.0807807255546218,2.0158063011627507,-0.3519213178165091,-0.39164744059490486,-0.30561061415380336,0.5911361179239325,-0.4211988166129132,2.5683454813207156
0.8339221545489041,1.6369234013928218,-0.7699960661974573,-0.5527251886507369,0.7309589763762161,-0.10697146985848006,0.9764313771980682,1.0148657909719057
0.4591800792284367,0.843144517897815,-1.2961166642498945,-1.21394306862476,-0.6506598273683837,1.9422455947562995,-1.1321491407160067,-1.5335974372444467
-0.07016571145864703,-0.10841397187537602,-0.4561208274741882,-0.3286841134251341,-2.0903028988531567,-1.7472216669652556,-1.0989162547281939,-1.1516570955131145
-1.6609609335159914,-3.1878768224296685,0.18142662011397137,0.40579690355438985,-0.1702582467959055,0.094621044669358,0.6874267551265042,-4.056135546764209
0.42961821913258585,0.6717191913005972,0.5950294658355647,0.5932567327470084,-0.2656045602861052,-1.625544033562061,-0.0885442145830127,2.5358989231327733
0.20768768716311115,0.426877982240964,-0.5574230531083212,-0.528421206129953,-0.39987823866837147,-2.5065715705367166,-0.45389141615312834,-0.8885129096690446
0.27157883719537346,0.5271443948340828,-0.41299782214343406,-0.2789584636435618,-0.11464083550639245,0.29746205311781654,0.8900577324754597,-0.4738014429400653
-1.2767485758203094,-2.4863631439955722,-0.9266983088473107,-0.7894916819838912,0.26426827164563654,0.13949779614745886,-0.6072614140860845,-5.908743290988472
-1.0810565404082624,-2.140793417992756,-0.03143917037477642,-0.023575299360875508,-0.15011695125380659,-0.28483693774220137,-0.20020125430036984,-3.2691162447689
1.0531528533329035,2.0311087734919253,-0.8484286341908146,-0.7438651177823524,-1.2640061679473638,-0.10619409003975315,1.3992279500711593,2.059394559355212
-0.03955515385665504,-0.1110157012799719,0.5731278132412001,0.4256352094158819,0.4861847915619389,3.0982994340712575,1.5391423458106503,0.35734584422921667
0.6815006973726244,1.2833988090649,-1.7858664919341112,-1.386274522932454,-1.9493717553224232,-0.2581751380314344,1.5723982102703271,-1.6871440306947272
0.028318376130461172,0.1642374661207822,-0.3596296724524624,-0.4863754778783601,-2.0503574572842003,0.5101243612500749,-0.2821257769339113,-0.5621492067960019
0.02975613949574519,0.0616434438586846,0.3011073391917421,0.037710105955398004,0.7391804947015679,-0.6493648196138809,1.2307029049844702,-0.22536978694399756
0.9382838059759977,2.066686680527296,0.18383451632250436,-0.1306408977082387,0.5070202721353568,0.29523257504060313,-0.9489528277686782,2.7657213090897987
-0.5160447282173739,-1.03815553781621,2.6930336639804966,1.8343727102836556,-0.05739536507403601,-0.23823367505561752,-0.906902874722061,3.4979888734407782
0.09612077694098337,0.12140087719092045,0.34980002456790754,0.03638348121023016,-1.395448504755072,-0.41051848272973,-2.350455852624361,0.589977193033516
-0.4622752887050425,-1.0759220166713677,-1.0040545968420103,-0.7713511761127824,-0.7079109406740753,1.8188985322003248,1.67286820189853,-3.2989902872883246
-0.4344962274323156,-1.0493064224902258,-0.09546424708907303,-0.25492890076963526,-0.262746747686504,1.177184963184339,-0.8639798490760783,-1.5746969812259914
-0.30917212346863937,-0.7767578412378278,-1.7762463334664518,-1.3182741739269423,-1.5958939685741134,0.13674664739923068,-0.12653257974705998,-4.75765208863934
0.22213377163371284,0.470980208368574,-0.08059974929676088,-0.05753704968689634,-0.7390286580232329,-2.304211935943967,-0.9103243419282839,0.7191831295839343
-0.4787486216634773,-0.9066247410039613,-0.8330560570007587,-1.0601456882882179,0.6523303381766798,-0.3610092232525697,0.6951652483301405,-2.2408206201688246
1.2557561255735208,2.3533931809438284,0.9153902755601617,0.8633073372924673,1.4273053642892164,2.7030275644050836,-0.37563366071734017,6.417677186211762
-0.8946073022195039,-1.6997107730313963,-0.5495402745955349,-0.277472490558086,-0.4194347526585506,-0.23066166663970813,-1.3048168904329494,-4.7442883418807495
-0.18687164416135904,-0.422049393491062,-0.11676591579524663,-0.292185267603168,0.7564883543160984,1.1032175720536581,0.44166256418606065,-0.5056106721570006
-0.4397310582741749,-0.8647828153497948,-0.6355578414044034,-0.42440796454452445,-1.9140600705874673,1.4419424019526008,-1.4337300248102285,-2.6793205026632507
1.4469778843537329,3.0551778315330083,1.7388513518533313,1.2197814340008253,0.6594512411136115,0.21896391585597508,-0.8374057253154913,7.896214028200539
0.19655477651157463,0.48279348460970245,-0.3212427661179117,-0.2374601375446623,-0.803948414727481,-0.8418216318681523,-2.106889114626081,-0.25196271947237375
1.0318445394686349,2.0368360141466866,1.8325570434792018,1.2131459533923683,0.30734561670797006,-2.4353123317828884,-1.4239581121976068,6.819442020307909
-1.485560373036972,-3.060239968615473,0.8141517621182666,0.2927001191876979,-0.24775241823970925,0.6841632086089545,0.17852916972047786,-2.752673896838374
0.26705026586925884,0.3189189916055872,0.48206672733538614,0.3090899439457152,1.3204140097838342,-0.8147560028235481,-1.9645360381029247,1.4758083736040872
0.889630795623437,1.707346259322632,0.3687331473175197,0.2702407285990486,-0.8744356483399182,0.17615045188769213,-1.4811457246217157,2.9581749075927606
0.08228398927542419,0.14345495466807892,0.39379729821625153,0.23550189985008047,0.6276062975618311,-1.2498203395893641,-0.0023689161328080566,0.8100987229490335
1.0654803750653512,2.032242797415584,-1.92767257934561,-1.778944175121,-0.2795074632965335,-0.2652375404702022,-0.5436068960930526,-0.5417744012667836
-0.5172884501003722,-1.047702596909975,-0.2788833941507565,-0.30308652774683265,-0.15830547800966377,0.033719054901053244,1.992036635959309,-1.8101339677604973
1.40934744018558,2.8263800686670364,0.8451579711843216,0.729985327463604,-0.18385389315920966,0.26859358104429787,1.8338965460243755,6.345032751595456
2.2988981236192503,4.575310649057693,-0.04889718347410554,-0.048096352803791834,-0.8456731044941129,-1.1148221873524142,-0.8679224627511536,6.551804992376083
-0.36283856043965906,-0.7906773789616641,-1.405189846803575,-1.0876516713230173,-0.014098965906671578,1.1969109487613523,0.5571376184034819,-3.7569730912747588
-0.4455025214007718,-0.8741395756048708,-0.05240445057746945,-0.17594660055282216,-0.0626482221218215,-0.5968947847319713,0.7492825568794513,-0.960065169380605
1.453384477117701,2.9509630191923426,1.7041055162554912,1.597627995947625,0.2412402484067293,-1.6744694604532453,-0.5974788580244034,8.351161911436149
1.5795721457307124,3.05010438371714,1.2468917155347194,0.7622787051168195,0.08450514569286258,-0.1090234199634638,-1.4955415364982039,7.2030834411958145
-0.5228600271532683,-0.9046268163319096,-0.062004009366031745,0.047908851924518325,0.7979945496122363,0.03437530902646009,-0.012298449308057612,-1.8030539626616748
-0.42018681709585726,-0.8502324474201407,0.9514492770580866,0.9975376402384617,0.9235086160473687,0.16058943317175978,-0.17284567481411092,0.7379002197467975
-0.2817846088605072,-0.5616842554265297,-0.36650702036805183,-0.1970239977446624,-1.0506233218278012,1.3621324036850793,-0.4357644969706192,-2.1532216037663283
-1.344450511034277,-2.6180795797428984,-1.703871586826719,-1.4036021148743412,0.868772500590771,-0.23644883673585937,0.44231686816448523,-7.537899462274023
-0.9186519464841982,-1.8139822798420464,-0.9244659881295544,-0.8452321998362394,-1.1863364271098544,-0.11961962436877134,-0.7507296070055988,-4.232594616475138
-1.0041407667520679,-1.9129678701128112,1.5628887685081978,1.4575285450158095,0.587855888137735,-1.1031843812330935,-1.151997547579143,0.43432880148204234
-0.7677975651041284,-1.5068827136880745,-0.2739930818293042,-0.503789450515778,0.6197387847028687,0.820553502887897,0.10908297034983186,-2.986512661152938
-0.03468488738678118,-0.13061351223760614,-0.24338397937501807,-0.3887320355759432,-1.911316891662504,0.18430906407810346,0.3859700925688759,-0.48196352036679646
0.23421473253652075,0.5045798175936517,-0.29983819627488056,-0.31938211011824874,0.09297924652940966,-0.42002772729416255,-1.176644943900053,-0.30935736508554257
1.5505004928140769,2.9866283648960876,1.904136589573007,1.7708400231608052,-0.4684961133603157,-1.9046746934654637,0.9280906109910811,8.811520731700757
-0.998354040738791,-1.9858521108999296,1.6259589153620633,1.37672065949783,-0.758765257935375,1.4444121950550874,-1.770481137776078,0.2179449904395171
0.9843223984765838,1.9653217978887214,2.218780233448134,1.5814150350564582,1.3508523306990055,-1.2276799644560572,-0.5781134587156433,7.25255193647795
-0.21398884422550896,-0.44878937417827186,-0.1590452104000513,-0.18929770939702176,-0.6536791406374189,-0.5912780093697056,-0.258008536197609,-1.1409188715233227
-0.04946370965243295,-0.11178117044875897,0.29562448874709507,0.11363496217841718,-0.8063769291180498,0.35834451107600324,-0.6362237126519298,0.4114109150869622
0.6748194921666038,1.1614540797834436,-1.5166425494207911,-1.3552718379833402,0.07569494000509344,-1.1965579286166865,-0.5650604735511925,-1.2327654448077503
-1.1227220215622986,-2.3003165338986933,1.4769344261182744,1.3773254526059755,0.6855897462984164,-1.4935097782531435,1.871074482308114,-0.08522569444906536
0.3824097461840506,0.7741039824822127,-1.167779551267935,-1.208572266867049,-0.1416485860101269,-2.123947582700665,-0.8508840890388987,-1.3859716379918083
0.1664522082130561,0.34889005562585224,0.2167755637626291,0.495176622156978,1.1663705456692521,0.7209969529056358,2.441221722471914,1.729389800178117
0.4924512640081491,0.8821350139237023,-1.097302527632844,-0.7121960840693506,0.5309756619640905,-0.5451862447263219,0.43712677973105185,0.015353988499449578
0.2891686439078181,0.7049080719021062,-0.5888668267386961,-0.25292112727021726,-2.1782113197314303,2.92727009247333,0.09205513731199198,-0.7559994666811901
2.4553001399108942,4.823982795000338,-0.8372624310497003,-0.762397847244812,-0.5294669635070083,-0.9943550656308734,0.4762403533876659,5.726227692347922
-0.637739984251316,-1.1785342484499581,-0.6078752606758179,-0.5162883523564762,-0.561842099351699,-0.9214510234289213,2.5299277492519523,-3.4542987847736812
-0.5309969550018176,-1.0192744738164667,-0.5391227031489786,-0.7179285254241253,0.4793609534294223,-0.5653929702854015,-0.993593003931448,-2.834560052897716
-0.6231405264247644,-1.310903783833909,-0.5482687949250771,-0.5435475173534223,-2.624817056374112,0.2431346551384891,-1.1204179189363892,-1.9647454353020486
-0.5554771191602547,-0.9334231490595581,0.8333339117803071,0.7653980989528759,2.549009708717722,-0.47020333878531134,-0.754866196571921,-0.1535492424780492
-0.6373871273065177,-1.3941379377886833,-1.10486279306252,-0.6246776220937369,0.53102609489421,0.612332214002512,0.032143146964560894,-3.9417739495058792
1.1890165311075518,2.4699484795761038,0.22054142701386686,-0.044998221749396855,0.1488768039176911,-0.9785883899886544,-1.7257711248125733,4.278793094354529
1.4205042479898549,2.9410667277840075,1.2179591523055584,0.9012661344473936,1.1815677164191463,-1.381591718463581,0.02233923931860801,6.197116362339061
-0.5707462937494763,-1.208554608406617,-0.513196364513396,-0.4408169356572213,2.343654052812625,-1.7982147394091075,1.693547133413672,-3.166179347479823
-0.8323555731042287,-1.5254646162020244,-0.7179188907476018,-0.8534929530365785,0.8707466445884032,-2.2235741679371968,0.15140739062477757,-4.53591568651195
0.4714155563864041,0.9178264613129129,-0.23052462518025083,-0.0661498517925206,0.94881309647162,-0.5180690194750568,-0.2926854589752769,0.5102120518498222
-0.5522230442809712,-1.0755767256339568,1.1797252083607102,0.7989821003400464,0.13069002446438233,-0.3009803123932219,-0.6181604486836274,-0.7222337707800845
0.6329318177555108,1.2918958193881436,0.1941076309533577,0.11620803452728137,-0.14152575336694828,-0.6314370274831833,0.8985117045515645,2.5593019155700616
0.2029230208512997,0.3924151675555446,-0.5312142946075985,-0.5153613100684543,-0.47579544400490115,1.243405797187162,-0.8258327732380476,0.573437393966737
-1.515744114997232,-2.9504074026784854,0.48387665118803974,0.22923361980649692,-0.8261119917145421,1.228030209608135,1.846395920599248,-3.5055686730973528
1.5475052013300616,3.1743592747153446,-1.1022921498364233,-0.8832427169652497,-0.6870140996994973,-0.3348029874445019,1.9333597477143571,1.7297968746470351
1.7958776730955217,3.4169021488672255,0.681359510442948,0.501965692640754,-1.3505559643429832,-1.793921113191963,0.25675079866178757,6.428963848722487
-0.6127886904843862,-1.0951433566809572,0.4086073077017676,0.252514269705681,-0.07587145068502332,-0.5667051080550528,-0.0115150880766451,-1.250589878562122
-0.38770155993598415,-0.9416523186755358,-0.3078084711388841,-0.3919391012471759,-1.6846675772263868,-0.5998213939170615,1.0306598082415594,-2.2875140106924086
0.28586539072490497,0.6749854018839757,-0.838585798447231,-0.6069637046011939,0.1909165241437107,-0.657134962278058,1.0947985022273252,-0.3894841055221688
0.334456789987025,0.7815840936568084,-0.8866809222834573,-0.37862128412830887,-0.03633060804234174,-0.6977189038982449,-0.8059917310594155,-0.3648614524181727
0.6585442726728304,1.207991902324141,0.5348173363459102,0.45583131564455365,0.14693529838668778,-0.6534628957248072,-0.526555133136702,2.4675415938014815
2.0102045387663496,3.979327648737241,1.2289805024890619,1.1824080449734753,-0.5221315700199924,-0.38654161589775976,-1.3223474346832955,8.851115143500927
-0.1769472274940494,-0.46446492183669236,-0.6373077470287948,-0.7878905826537284,3.0768603701805035,-0.6355410988155566,0.4090649383340571,-1.0420508447511052
-0.7982972445384537,-1.618086592105781,0.45838670355148425,0.39826165069994135,1.360115900180313,0.20832250862559215,0.6666278834568907,-0.5268392238976128
-1.3793192280145272,-2.7894418844476285,-2.0870270186020687,-1.8890952786758686,-1.2445425000847228,0.3603687159048611,-1.349925637861273,-6.879405709704738
-0.7309300399419191,-1.3838940266569042,-0.5846177306571996,-0.76307917003214,0.23286808742689824,-0.9106450871824898,-0.4551989048161591,-3.8130219058617554
-0.033126972873797095,0.06477692886436665,-0.031058932870901952,-0.17272142778852884,-0.6080061429373236,1.2710653260070335,-1.3472539175813492,1.2506114288344063
1.7945578635177877,3.728684108114571,-0.9096834169818336,-0.4893668667027523,-1.014479726707414,-0.9800623018406142,-0.8987998102438376,3.387203562335301
-0.5176112990361714,-1.091439400730173,-0.936506374789596,-0.5592019340977477,-1.340072071123935,-1.6178006138153371,0.5510170602262995,-3.722079374377963
0.2237879516388985,0.4266537159033442,-0.6677795564688862,-0.4856227007642291,0.43221669075925395,0.3807780713650517,-0.7334820666782794,-0.5006590705821543
-0.016422896072752075,-0.2011896113675992,0.29219272832637316,-0.07278592931688765,-0.6813802350695739,-0.8174081344143398,-0.30082595603229867,0.24408610138798387
1.188393273448084,2.296199540246549,-0.1873290184063747,-0.18911934500268712,0.9678260240252041,0.321291470757388,-1.6273117279473155,3.3900438538547655
2.5269324258736217,5.150350015056989,-2.238231233324972,-1.7302449848796306,0.993782214530439,-2.4036686011005304,0.1869902097246643,2.4442962171022704
-0.5308687729203206,-0.9001792634858181,-2.120700152635066,-1.6614528761923335,1.3739143852114495,1.3924559414830675,-0.04427331984464883,-5.953382925062811
-0.48943944251822213,-1.1023137722244365,-0.6068651778571754,-0.8542508589818896,-0.8523867660741036,0.6722934080404022,-0.7289592500331622,-2.0392575660881778
1.044160877069072,2.0290753282228544,0.45768658605355206,0.18808569923886728,0.4753656106920102,-1.5004765491630017,-0.18901429768247416,4.019325157598742
0.6818914896263114,1.36114240355673,-2.7475048427252347,-2.210819427009931,0.6324542166423008,-1.4787771238462857,0.1802948805034444,-3.3785373232015936
1.8467073257360336,3.7214307673540277,-0.4997301761516306,-0.29252595901786654,-0.47417817510396487,1.6722659040975276,-0.8148681489093441,4.778290927263495
0.5839281853259639,1.0868960186597632,-0.5262478565174211,-0.8602238494339263,-0.7717719573928751,-0.7373799034979586,-1.4762625440017794,1.2846196576018796
-0.35929209078705954,-0.67617807712771,1.3883377782084478,1.0782454274707867,1.6095206657759729,-0.8341848487326238,1.8055744326868153,0.8711869279610006
0.5906548306923093,1.133925726677527,-0.38502181171286365,-0.2794076953945005,0.22749587573205374,-2.2660520941492828,-0.6332727047102726,1.2941828945699179
1.1087035805829077,2.2159619340779875,0.38298898474092846,0.4763135854959854,0.635967750711738,-0.35077820560155415,-0.09676010318688932,3.958019141609699
0.820482181197364,1.695592787195098,0.14125714008746323,0.25157722891745793,-0.8220760118279274,-0.22771961483575284,1.0108397350203135,2.827279771422938
0.5072740311072977,1.0151902891956892,-2.1305664798072006,-1.5879389200839995,-1.2192844665221938,0.7154930967694852,3.529055187570484,-2.20933578141132
1.066674689589154,2.089710790125651,0.7682072166317373,0.454577671965003,-0.5694497744921104,-1.3990784281844755,-1.2444864498888657,4.139345176325015
1.1692955904456728,2.3276302004987626,0.21539650545628794,-0.20928322305963118,-0.12402138738999703,-1.5202867922406096,0.4498272137265099,3.4323575615280495
1.3821589910375272,2.755481686154521,0.5082686396745896,0.3280043603273915,-1.0642200068173489,0.45096263477647686,-0.7075522852941063,4.195299272604857
0.6487098875896427,1.2604186721910726,3.9262377064363267,3.3413165301907735,-0.009844808650383004,1.0067300712270648,-0.5387903045767108,9.524025604759695
-0.16711808031685435,-0.3601157669004189,-2.0841129394985884,-1.3885994460939846,-1.6885051880685,-1.571152351117883,-0.7202120210067899,-4.004363947758331
0.14671368643332283,0.45329208991711734,1.7246966497611085,1.5218671402684438,-1.1200474224698722,1.0815140862997412,-1.125654967800585,3.829240764585451
1.2065089665083568,2.4691098778108374,-0.28744751940035557,-0.1440898509599376,0.6709112482768751,0.03754184148682145,-0.04129136178466144,2.3745694128969665
-0.8169356709872361,-1.6634193737773881,0.2873289044030093,0.30579105319960054,0.6037905202778941,1.0918053390746456,-1.4745026870482356,-2.118988576443213
0.3686733088729012,0.8070420581968759,-0.04551224530124217,-0.14763354559314987,-0.3918767653868664,-0.07022036151761657,0.9468075665118705,0.2710645842709075
-0.3933388123273607,-0.8200595736303223,-0.4242363333980435,-0.3654011254291588,-1.017764309076953,-2.5222779174879504,0.055002936033374625,-2.59108215464375
0.028744822934817487,0.17480210962829912,-0.5698329282387588,-0.12205243742574079,-1.027403551526011,-0.15196738231603887,0.42243497290143983,-0.8590219325412083
1.2784518626072987,2.5938679444344066,0.32950873557300914,0.07509538730003201,-0.3732682459413141,1.06014381867127,-0.4661886119462229,3.9074363958149
0.19109906801990334,0.3714679216393838,-1.5171736966716791,-0.8907831991953731,0.6445184916452914,-0.8937460190837143,-0.3672039342117483,-1.9047330366819977
0.04643654815614881,0.13764478889332538,0.7505791675217656,0.5360577031190008,0.9282456913443246,-0.3879649689074522,0.2875639051673281,1.6049078340968097
-1.3598561409799192,-2.8767998971666886,-0.41619440488525394,-0.06786910208918745,-0.49653173548196905,-0.1761335035509783,-1.1640506324058255,-4.869159880738003
0.7462535660272207,1.3798303851634608,-1.1300693390403578,-1.1854184731317938,-1.1534924259847839,-2.899513879868482,-0.35799043441333583,-0.16056446380300068
0.6454841811410754,1.1715758616422454,-0.4500128579958137,-0.24282944616372115,0.2678436378663333,1.6713475754374763,-0.8596135138784541,1.4228507467034603
2.16325472330546,4.340803756087291,1.2571492168625729,0.8583653463005338,-0.8235349706258495,-0.9013756798971745,-0.8905688105910143,9.39564254753003
-0.30777823495300083,-0.44230496995749247,-0.5353350870162231,-0.711321507997816,-0.5182526388612024,0.505735432472799,-2.1098382406256415,-1.8264777029353632
0.21915032766393897,0.6614306699471412,0.35845361820962024,0.3304697030498853,1.3252760904370375,-0.08670113614820872,1.3393265894799997,1.6567527723648814
0.24938368371075526,0.5625724775655863,-0.7309562757154733,-0.38287066285318494,0.827115428565768,1.25761905635936,-0.6865387531537689,-0.8198063352588936
1.5774532797634744,3.2049910070213943,0.7579218499236196,0.43734919222019636,0.1579743122514517,0.4060561224280809,1.1633760551635501,6.519305042592186
-0.0952955323869521,-0.3706968381891781,0.6855077387902041,0.248602998940483,-1.2719190011127228,-0.23492427152097461,1.0687923213942923,0.9161899926826487
0.27902152577033923,0.5037756715672763,1.8486088332964115,1.4605181137701382,0.2113965674706589,-0.8935150925192802,-1.2859997065164936,4.535398054985041
0.6078965097165392,1.1370146442422544,-0.1755639454992155,-0.15793822215480863,1.0626572907875265,0.7978507013821389,-1.0884112356728457,1.3352397634680377
0.1866091231563581,0.31113348648760464,0.6686548047579066,0.6445877693172251,-0.3756336657655356,-1.8734413039546167,2.560502959355684,1.6685277093252895
-0.44643361455052827,-0.9096816109595355,0.09806753953894455,0.2683729459040533,1.3511140899867151,0.6458904202758925,1.7509259419271435,-1.487721663434591
0.19408999289830758,0.34097092802690243,1.2958717818630143,1.0248143892359127,1.292745289518207,-1.0990447515548727,-0.03151851332810415,3.407858594350394
1.073631749859772,1.9493335186819654,-0.7188323876087304,-0.20396524712813163,1.6637328321434735,1.25228366195664,0.2573731064173494,2.4385334307685866
-1.0265152994110602,-1.978239573210367,0.7450053128772811,0.6408511992088832,0.30524312653135294,0.1612995426626951,-0.6308464029471887,-1.0039842866438389
0.132969674146876,0.15866504571977133,-0.19469729611668168,-0.22504313809472526,0.5873916998060122,0.6441237678501087,0.43235271420033994,-0.6187682377654531
-0.7001208149391732,-1.3763169434672315,-0.06418817710849775,-0.3736640135073638,1.41418728833109,0.08198881382471937,-0.7171819007224715,-1.5841372733310788
1.1950466289248425,2.597501524824682,0.09175248444837286,0.02087008349546475,0.4473939370689756,-1.7523770951409967,-2.0323537642983847,3.6095656048623086
-1.5231869047837747,-3.138312268726192,0.2522403964266774,0.1345149280591147,-0.5012341077902127,-0.8607291633953384,-1.321555786511051,-3.7647134139251737
-0.5589218472715883,-1.3708724468178097,-0.11622904312195817,0.09907772475872753,-0.44854283652786137,0.6723893376113824,0.021092747850587245,-2.3623312940822867
0.37721187506452086,0.7258233279410307,0.21471318317052634,0.2642672713497919,0.23855495377373917,0.166655817359844,-1.1310672355025877,1.632051948471618
1.5655240292343404,3.241144021968538,1.5781180575621845,1.026620621723224,-1.2905614219462187,1.180989905305672,-0.06727746491353453,8.009669794275844
-0.0657502610729878,0.06433422327608379,0.9854496856152184,0.8228106257743822,-0.14325891536419263,0.40327456303717174,-1.074661039432863,1.0313461920516471
-0.5551995266931984,-1.2333540128316385,0.8691545924968965,0.829629908343328,1.0965471182302537,-0.9667018907026598,-0.7823539225019935,0.37684418808629255
1.8811570694405901,3.8119840612048326,-0.4555395260238707,-0.05882534894153002,-2.191253851165281,-0.796064137720634,0.8531653064131918,5.405359660193187
-1.448013900416244,-2.9425588465104933,-0.8892408282283243,-0.5338918690998475,1.534482101794515,0.10291739052323721,0.24748054764010466,-6.209847330546194
-2.198805956620082,-4.408206748670578,0.9553005582377528,0.9164097774524979,1.1223742187031596,-2.3140440660001054,-0.009664421313347188,-4.005732687970734
0.4400144500533324,1.1444632348083683,0.8760467925297942,0.7128546329468682,-0.4597646158304763,1.6734418856229851,0.8789639730706512,2.977290188493382
-0.5020542243526112,-1.1544054815447375,1.472670675750982,1.2557989416854756,0.5433908278718096,0.44174673637755724,0.48060859334734735,1.863970943967439
-1.0212328171307132,-2.017091668111969,-0.6039806259692295,-0.23328352063415192,0.003147726906326633,1.2270345970488723,1.4465632912513675,-5.380944686306148
0.7083564472993533,1.46348221177525,-0.22954865536034708,-0.4501944037842076,1.229990368438683,-1.580603940809169,-0.4598592623151402,2.8753609208340976
0.24380071377119883,0.5961800600363324,-1.6394841625254342,-1.3814751954637385,0.9826831427699412,1.2445651603552557,-0.4296349785275087,-1.7998370611157934
-0.5640786307367284,-1.1183589461263672,-0.39247110606087293,-0.4684906345999465,-1.4000707231830092,2.2314989110277486,-1.3011092663913453,-2.6194908564587704
-1.2803043986708944,-2.5298037433913785,0.9965705105794472,0.8730870322087827,0.5872624134641767,-1.3208783553773176,-0.4289807173724197,-2.8338166881756974
0.8724573282801447,1.7057497998181101,-0.46649537922819795,-0.12715186825240085,-0.20562785364324765,0.7714017949037666,0.9647698943024456,1.8283954105367828
0.650201177958661,1.3273150500418327,0.6404797952008238,0.3929889788164443,0.0828325705180999,0.0011099446872931465,1.299987372262134,2.509600350740752
-0.09917586377938291,-0.23267095510850688,-0.19050310599781134,-0.6304633582921366,-0.7281719009698155,-1.5444338482482443,0.960305168086668,-0.4561070345550273
1.8466369960476658,3.7554311810809367,0.32405702822156063,0.17680147357235448,1.7481370691208353,0.4928839718518698,-1.7941918665494363,6.393807904168259
-1.0700847663261526,-2.1771305662566687,-1.1476913898156673,-0.7354583654490525,1.040061819902576,0.8336032048373484,1.0831452126607344,-5.976338663110805
-1.5255251709247388,-3.013340302459259,0.08520944963390106,0.17569354029709677,-0.7397711639729673,-0.6011265526688468,-1.8385186232720707,-3.845673101699225
-0.6919080698812444,-1.3867424211309867,-2.9911359709007233,-2.3072715271584636,-1.3346106069102326,1.1659165202552229,0.8981173241223475,-7.655208800042092
-0.045586016355497805,0.021432992366221204,-0.18689615816198485,-0.20551558690448385,-0.3856726309778482,-1.6667634067891977,-0.3677845265710552,-0.022638696746181353
0.24333944932269183,0.481539526286535,-1.6304732437151401,-1.5601847422160695,0.43450264609130573,-1.4947561464496442,0.7025333139338557,-2.526499287627757
-0.24123605785632987,-0.6597753625333479,1.205994516546816,1.0678544775623464,0.240205843946223,0.13659739558875236,-1.332448347894566,0.9805188260677891
0.3520553965142968,0.8303029430999928,0.7774073527645112,0.45506952020468405,1.2531328247682434,0.025385277972271716,1.1711676327061467,3.099917031177482
-1.251539424190444,-2.59365207846715,0.46667098196608103,0.8101561322489561,0.7899197221808523,-0.7165734884241052,-1.464974746104889,-2.956462008207066
1.4437646040732595,2.822152574281637,1.52100622715938,1.3309064233984074,0.9695690257529068,0.8095944359718859,-0.6684549108531777,6.678416194942204
-0.0821511783925688,-0.22386848618948682,-0.9489165208248372,-0.8752628771706601,0.32685540061043733,0.5308943142159493,-0.9980946277690352,-1.4682668938402177
1.1172958315881276,2.372035472493337,1.7473631979155582,1.275613508854721,-1.3892987302109903,0.858139070934016,-1.754284852822499,7.896317650846754
0.34272534637770413,0.4718832713575387,0.9321915642603847,0.7271644100855902,-0.19569853114690144,-0.1231364353522676,0.09452756758846836,2.871935103164281
0.4567532191537839,1.2272812916735671,-0.23655528721894603,-0.2371446141795068,1.0600897399086655,0.6025802679783409,1.8060891178369614,1.9767096603251055
0.5697672802322039,1.245140241371013,1.1356201471829441,1.131862872852346,-0.05152292852464606,-0.44565030302999453,2.666905222320009,4.026199499368175
0.44770856001731496,0.9177410114475459,-1.1062935124116342,-0.8477515759804981,0.5030903686237468,2.0538186900865956,0.09715578708624777,-1.059689296854499
0.6427227598675439,1.2799561196734592,-0.8245141615276735,-0.8059376770038444,-0.3187483152461331,-0.8125457701219858,1.1166812750675223,-0.036089270545454244
1.3291525301324314,2.6868604677506287,-0.6085897232397004,-0.10878364156060377,-1.029811848541845,2.105297429458312,0.2320946379285372,3.5888193479142645
0.19652116970147013,0.4451545822408741,-0.5289777080640152,-0.4133205001471677,-0.12334406404611045,0.034887947089408566,0.49888319476821275,-0.858463847717506
0.7090037575885123,1.4825290737720302,-1.0565576427602528,-0.6914781790144229,0.3090474430326539,-1.3755108895687427,-0.34214865112723886,0.381530642232525
-0.08973569428722672,-0.1239109419741086,1.223083067095325,0.8568211521873081,-0.6556877194614437,1.368079350488601,0.19507692542260213,1.8973771337993655
1.4401172154494728,2.8891924990244706,-0.25885440036983165,-0.13446039474696064,-0.2357112448566685,0.125901388394959,0.5374787046064285,3.572489464321574
-0.6763923020592697,-1.372518446149272,0.35250496835687956,0.3442259729141427,-0.9394632419859826,0.851124098380238,-0.5784597288763313,-0.8090421224792664
1.8009404329108156,3.5867535374562802,-0.5703513664136806,-0.834210951550175,1.119244917564096,1.2238559185425932,-0.07749429989298792,4.072100142760409
-0.04015795064434341,-0.09980672932395493,-1.8206033005485172,-1.0534276183466857,-0.294455757588034,0.33795555414502526,-0.05843011899748824,-3.9640781427402114
-1.4307751021180481,-2.74817319454939,0.2700573583914221,0.47417477889764714,1.452755545126183,-0.5922408448128146,0.8264033173305246,-3.185808240983897
0.12810441491078928,0.31556450204966474,-1.9122549754197768,-1.6092430435650191,1.5287478505409084,0.9757133776692501,-1.0660321716276806,-2.6414980594963744
-0.6810516574748808,-1.6561421784161898,-0.06863404608546861,-0.275361184959546,-0.08104596472174376,0.000755507454595548,-0.05154220860765155,-1.858078162953463
0.8406435489887241,1.7468771756304242,-1.3683150388328105,-1.025139708305538,-1.0084487325473497,0.685857818608419,1.9120054690526975,-0.5420843185114231
-0.6526239793023909,-1.2857743391329044,1.987275999230808,1.6071603392675258,-2.0858978777333372,-2.1537305737914614,1.1640601525859375,1.7613758109056534
-0.4461834332147797,-0.8942377420741492,0.9113627221747217,0.8002239674524232,-1.4720370730267915,0.4469817170098519,1.3491790488887052,0.5241327765751229
-1.889540730945531,-3.8179333071999504,0.10575379127148042,0.12291851225600227,-1.37383482489866,-0.6385858251450302,0.02443184017803416,-5.296649579330803
-0.4523063192490767,-0.7922013664995521,1.2637066776546686,1.1122135399849202,1.3784696274615047,1.6533096371785305,0.32099756368602317,0.676561442492221
-2.4238793266289567,-4.753006007045627,-0.8463159774657358,-0.38759164209422736,0.1158245872269461,0.6230873478890951,1.0022361667029254,-8.60275096502841
-1.5839028234857233,-3.2450934137538074,0.543479378670093,0.5484041439618037,0.3896045240919878,0.23985774584929662,1.5602555295309308,-3.6219930482971843
0.7604146561442974,1.5615345410010482,0.1998104337187135,-0.05008275280701743,-2.220421008935126,0.48630999335022157,-1.9516029128828867,1.8230106765512542
0.7858001586508322,1.4744346438475358,0.26402008133367,0.4837286356094264,-1.1979664292172616,-0.9984408528767182,-1.3154413070498456,2.4209773973894713
0.42545756178496474,0.7129533070910364,1.2723535001067678,1.3460057127830718,0.887079776446287,1.6232566905280539,1.3094441014026479,3.5690153487425977
-0.966976143129213,-1.9966240087174225,0.7324921027798023,1.216405029126259,0.2867741123825862,1.9913704184169045,-0.2768893557688036,-1.4723730682485618
-0.047711356141979855,-0.00918336504568383,0.28872366282502326,0.006280123612099009,-0.14720527868559727,0.3929135105482163,-0.6717207892580773,1.3789526549761049
-0.0036025390905684044,0.08810742635647187,-1.6548874362282961,-1.275333546352582,0.5648423586001226,1.5904035685736386,-1.2541609869956039,-3.201496836658483
-1.1583646891925428,-2.2654208363753563,-0.9600462952794637,-1.1844567768613685,1.635797806135815,-0.5691481986725339,-0.5550167015441094,-5.815572603085868
1.5033983017671506,3.079306182219101,-0.12270893359572414,0.012462684399262514,-0.22104246353705057,-0.7971135662249808,-1.4023692834238248,4.375092440263585
0.8773622905756714,1.8063424098628387,0.09337237427665124,-0.03494216021203354,0.06936980265806943,0.04092474872892285,2.091094272732477,2.6427877465533762
-0.22096417382966393,-0.5060765071816231,-1.1302037246739238,-0.5194738207741484,0.19259691873130513,0.43494103836789866,-0.02243605198057349,-2.7609208510700687
0.02688583899453078,0.09696393245645563,2.411676675578421,1.7744183464590206,2.3921096352739926,-0.3939866812431204,-0.05795054176271757,5.194294711658242
0.20838280794755248,0.4968065684178732,1.5163940552535728,0.875278636609406,-2.0993562644190256,0.5377681903684838,0.5880766751678318,4.262551857961772
-2.0417348684242906,-4.008040603867224,0.6021183203924835,0.38744190817348284,0.683223014788808,0.30638948207341404,0.9623451692665695,-4.933111212322918
-0.24717738252059693,-0.37546342789372955,0.07203686128374476,-0.3374680652164317,-0.11480224875906367,-0.9983067752910549,0.9458881565546393,0.22202183880561532
-0.6819842479977986,-1.2931381112754907,-0.21220896990115168,-0.01954728501945932,0.5667717261841796,0.5187930174517212,1.0736219439075716,-2.0163593525276036
-1.0016200098949155,-1.9680951990356728,-0.9519184600222356,-1.1745513772690526,-0.6573725539947244,0.8635282425215212,-0.6308455507908564,-5.2624167221353115
-0.2811002928859549,-0.45518556194026705,0.07748051851886253,0.0676759310517218,-0.048965030858450255,0.17146931759039094,-0.29786680495686124,0.4165879912540924
1.7976865268495226,3.592720927774139,0.2577525401427507,-0.2093603318570388,0.7114105794654951,1.1526481032616924,0.7690316554422755,6.072061917469117
0.6408428612670098,1.1934982574112478,-1.2417605754816243,-1.057468021292628,3.112910201043841,-1.217403793496952,-0.52738906163962,-0.9785548191483366
-0.5711789897827968,-1.15866467595997,0.33417641724489744,0.5960167649568248,0.8080361894020714,0.46795042213185173,-0.005106632027225022,-0.21872760924338464
0.5725827813561586,1.0706752982316723,-0.15525904882474875,-0.05207766077264002,-0.8480655980305086,-1.1702807063967748,0.39876376442481426,2.4461190390182006
